#
# There is insufficient memory for the Java Runtime Environment to continue.
# Native memory allocation (mmap) failed to map 65536 bytes. Error detail: Failed to commit metaspace.
# Possible reasons:
#   The system is out of physical RAM or swap space
#   This process is running with CompressedOops enabled, and the Java Heap may be blocking the growth of the native heap
# Possible solutions:
#   Reduce memory load on the system
#   Increase physical memory or swap space
#   Check if swap backing store is full
#   Decrease Java heap size (-Xmx/-Xms)
#   Decrease number of Java threads
#   Decrease Java thread stack sizes (-Xss)
#   Set larger code cache with -XX:ReservedCodeCacheSize=
#   JVM is running with Zero Based Compressed Oops mode in which the Java heap is
#     placed in the first 32GB address space. The Java Heap base address is the
#     maximum limit for the native heap growth. Please use -XX:HeapBaseMinAddress
#     to set the Java Heap base and to place the Java Heap above 32GB virtual address.
# This output file may be truncated or incomplete.
#
#  Out of Memory Error (virtualSpaceNode.cpp:113), pid=2420, tid=14132
#
# JRE version: OpenJDK Runtime Environment Temurin-21.0.12.1+1 (21.0.12.1+1) (build 21.0.12.1+1-LTS)
# Java VM: OpenJDK 64-Bit Server VM Temurin-21.0.12.1+1 (21.0.12.1+1-LTS, mixed mode, sharing, tiered, compressed oops, compressed class ptrs, parallel gc, windows-amd64)
# No core dump will be written. Minidumps are not enabled by default on client versions of Windows
#

---------------  S U M M A R Y ------------

Command Line: --add-modules=ALL-SYSTEM --add-opens=java.base/java.util=ALL-UNNAMED --add-opens=java.base/java.lang=ALL-UNNAMED --add-opens=java.base/sun.nio.fs=ALL-UNNAMED -Declipse.application=org.eclipse.jdt.ls.core.id1 -Dosgi.bundles.defaultStartLevel=4 -Declipse.product=org.eclipse.jdt.ls.core.product -Djava.import.generatesMetadataFilesAtProjectRoot=false -Dm2e.project.cache.size=50 -DDetectVMInstallationsJob.disabled=true -Dfile.encoding=utf8 -XX:+UseParallelGC -XX:GCTimeRatio=4 -XX:AdaptiveSizePolicyWeight=90 -Dsun.zip.disableMemoryMapping=true -Xmx16G -Xms100m -Xlog:disable -javaagent:c:\Users\Lenovo\.vscode\extensions\redhat.java-1.56.0-win32-x64\lombok\lombok-1.18.39-4050.jar -XX:+HeapDumpOnOutOfMemoryError -XX:HeapDumpPath=c:\Users\Lenovo\AppData\Roaming\Code\User\workspaceStorage\d90fe40e9506d67171d7dcf2fd0f8834\redhat.java -Daether.dependencyCollector.impl=bf c:\Users\Lenovo\.vscode\extensions\redhat.java-1.56.0-win32-x64\server\plugins\org.eclipse.equinox.launcher_1.8.0.v20260804-1928.jar -configuration c:\Users\Lenovo\AppData\Roaming\Code\User\globalStorage\redhat.java\1.56.0\config_win -data c:\Users\Lenovo\AppData\Roaming\Code\User\workspaceStorage\d90fe40e9506d67171d7dcf2fd0f8834\redhat.java\jdt_ws --stdio

Host: AMD Ryzen 3 3200U with Radeon Vega Mobile Gfx  , 4 cores, 3G,  Windows 11 , 64 bit Build 26100 (10.0.26100.9444)
Time: Fri Sep 11 18:12:53 2026 India Standard Time elapsed time: 93.950269 seconds (0d 0h 1m 33s)

---------------  T H R E A D  ---------------

Current thread (0x0000026aa30512b0):  JavaThread "ForkJoinPool.commonPool-worker-3" daemon [_thread_in_vm, id=14132, stack(0x000000c70be00000,0x000000c70bf00000) (1024K)]

Stack: [0x000000c70be00000,0x000000c70bf00000]
Native frames: (J=compiled Java code, j=interpreted, Vv=VM code, C=native code)
V  [jvm.dll+0x6d83e9]
V  [jvm.dll+0x8b5736]
V  [jvm.dll+0x8b7cee]
V  [jvm.dll+0x8b83d3]
V  [jvm.dll+0x284596]
V  [jvm.dll+0x8b147e]
V  [jvm.dll+0x679ad4]
V  [jvm.dll+0x1e849b]
V  [jvm.dll+0x1e825e]
V  [jvm.dll+0x67c3d2]
V  [jvm.dll+0x67c202]
V  [jvm.dll+0x67a4ae]
V  [jvm.dll+0x26f816]
V  [jvm.dll+0x21a11f]
V  [jvm.dll+0x20f80e]
V  [jvm.dll+0x5b6a7f]
V  [jvm.dll+0x82f77d]
V  [jvm.dll+0x479a6e]
V  [jvm.dll+0x48cde6]
C  [java.dll+0x1657]

Java frames: (J=compiled Java code, j=interpreted, Vv=VM code)
J 912  java.lang.ClassLoader.defineClass0(Ljava/lang/ClassLoader;Ljava/lang/Class;Ljava/lang/String;[BIILjava/security/ProtectionDomain;ZILjava/lang/Object;)Ljava/lang/Class; java.base@21.0.12.1 (0 bytes) @ 0x0000026a2d24a2bc [0x0000026a2d24a1c0+0x00000000000000fc]
J 2980 c1 java.lang.System$2.defineClass(Ljava/lang/ClassLoader;Ljava/lang/Class;Ljava/lang/String;[BLjava/security/ProtectionDomain;ZILjava/lang/Object;)Ljava/lang/Class; java.base@21.0.12.1 (21 bytes) @ 0x0000026a25cf6a74 [0x0000026a25cf69c0+0x00000000000000b4]
J 2979 c1 java.lang.invoke.MethodHandles$Lookup$ClassDefiner.defineClass(ZLjava/lang/Object;)Ljava/lang/Class; java.base@21.0.12.1 (213 bytes) @ 0x0000026a25cf5d1c [0x0000026a25cf57a0+0x000000000000057c]
J 3722 c1 java.lang.invoke.InvokerBytecodeGenerator.loadMethod([B)Ljava/lang/invoke/MemberName; java.base@21.0.12.1 (39 bytes) @ 0x0000026a25e81c8c [0x0000026a25e81b00+0x000000000000018c]
J 3033 c1 java.lang.invoke.InvokerBytecodeGenerator.generateCustomizedCode(Ljava/lang/invoke/LambdaForm;Ljava/lang/invoke/MethodType;)Ljava/lang/invoke/MemberName; java.base@21.0.12.1 (34 bytes) @ 0x0000026a25d0d734 [0x0000026a25d0d580+0x00000000000001b4]
J 1851 c1 java.lang.invoke.LambdaForm.compileToBytecode()V java.base@21.0.12.1 (164 bytes) @ 0x0000026a25a721f4 [0x0000026a25a72000+0x00000000000001f4]
j  java.lang.invoke.LambdaForm.customize(Ljava/lang/invoke/MethodHandle;)Ljava/lang/invoke/LambdaForm;+49 java.base@21.0.12.1
j  java.lang.invoke.MethodHandle$1.apply(Ljava/lang/invoke/LambdaForm;)Ljava/lang/invoke/LambdaForm;+5 java.base@21.0.12.1
j  java.lang.invoke.MethodHandle$1.apply(Ljava/lang/Object;)Ljava/lang/Object;+5 java.base@21.0.12.1
j  java.lang.invoke.MethodHandle.updateForm(Ljava/util/function/Function;)V+22 java.base@21.0.12.1
j  java.lang.invoke.MethodHandle.customize()V+9 java.base@21.0.12.1
J 8772 c2 java.lang.invoke.Invokers.maybeCustomize(Ljava/lang/invoke/MethodHandle;)V java.base@21.0.12.1 (5 bytes) @ 0x0000026a2d654774 [0x0000026a2d654720+0x0000000000000054]
J 9271 c2 jdk.internal.reflect.DirectMethodHandleAccessor.invoke(Ljava/lang/Object;[Ljava/lang/Object;)Ljava/lang/Object; java.base@21.0.12.1 (92 bytes) @ 0x0000026a2d6be248 [0x0000026a2d6bdf60+0x00000000000002e8]
J 10274 c1 lombok.launch.PatchFixesHider$Util.invokeMethod(Ljava/lang/reflect/Method;[Ljava/lang/Object;)Ljava/lang/Object; (22 bytes) @ 0x0000026a26cc389c [0x0000026a26cc3340+0x000000000000055c]
j  lombok.launch.PatchFixesHider$Transform.transform_swapped(Ljava/lang/Object;Ljava/lang/Object;)V+25
j  org.eclipse.jdt.internal.compiler.parser.Parser.endParse(I)Lorg/eclipse/jdt/internal/compiler/ast/CompilationUnitDeclaration;+289
j  org.eclipse.jdt.internal.core.util.CommentRecorderParser.endParse(I)Lorg/eclipse/jdt/internal/compiler/ast/CompilationUnitDeclaration;+2
J 11531 c1 org.eclipse.jdt.internal.compiler.parser.Parser.parse()V (950 bytes) @ 0x0000026a26f8edb4 [0x0000026a26f8ca20+0x0000000000002394]
j  org.eclipse.jdt.internal.compiler.parser.Parser.parse(Lorg/eclipse/jdt/internal/compiler/env/ICompilationUnit;Lorg/eclipse/jdt/internal/compiler/CompilationResult;II)Lorg/eclipse/jdt/internal/compiler/ast/CompilationUnitDeclaration;+314
j  org.eclipse.jdt.internal.compiler.parser.Parser.parse(Lorg/eclipse/jdt/internal/compiler/env/ICompilationUnit;Lorg/eclipse/jdt/internal/compiler/CompilationResult;)Lorg/eclipse/jdt/internal/compiler/ast/CompilationUnitDeclaration;+5
j  org.eclipse.jdt.internal.compiler.parser.Parser.dietParse(Lorg/eclipse/jdt/internal/compiler/env/ICompilationUnit;Lorg/eclipse/jdt/internal/compiler/CompilationResult;)Lorg/eclipse/jdt/internal/compiler/ast/CompilationUnitDeclaration;+25
j  org.eclipse.jdt.internal.compiler.Compiler.accept(Lorg/eclipse/jdt/internal/compiler/env/ICompilationUnit;Lorg/eclipse/jdt/internal/compiler/env/AccessRestriction;)V+176
j  org.eclipse.jdt.core.dom.CompilationUnitResolver.accept(Lorg/eclipse/jdt/internal/compiler/env/ICompilationUnit;Lorg/eclipse/jdt/internal/compiler/env/AccessRestriction;)V+3
j  org.eclipse.jdt.core.dom.CompilationUnitResolver.accept([Lorg/eclipse/jdt/internal/compiler/env/ISourceType;Lorg/eclipse/jdt/internal/compiler/lookup/PackageBinding;Lorg/eclipse/jdt/internal/compiler/env/AccessRestriction;)V+23
J 9695 c1 org.eclipse.jdt.internal.compiler.lookup.LookupEnvironment.askForType(Lorg/eclipse/jdt/internal/compiler/lookup/PackageBinding;[CLorg/eclipse/jdt/internal/compiler/lookup/ModuleBinding;)Lorg/eclipse/jdt/internal/compiler/lookup/ReferenceBinding; (576 bytes) @ 0x0000026a26af03ac [0x0000026a26aee4a0+0x0000000000001f0c]
J 9437 c1 org.eclipse.jdt.internal.compiler.lookup.PackageBinding.getTypeOrPackage([CLorg/eclipse/jdt/internal/compiler/lookup/ModuleBinding;Z)Lorg/eclipse/jdt/internal/compiler/lookup/Binding; (368 bytes) @ 0x0000026a26a1ca04 [0x0000026a26a1b7a0+0x0000000000001264]
J 10102 c1 org.eclipse.jdt.internal.compiler.lookup.CompilationUnitScope.findImport([[CI)Lorg/eclipse/jdt/internal/compiler/lookup/Binding; (394 bytes) @ 0x0000026a26c5029c [0x0000026a26c4ff20+0x000000000000037c]
J 12176 c1 org.eclipse.jdt.internal.compiler.lookup.CompilationUnitScope.findSingleImport([[CIZ)Lorg/eclipse/jdt/internal/compiler/lookup/Binding; (85 bytes) @ 0x0000026a271afcfc [0x0000026a271af5a0+0x000000000000075c]
j  org.eclipse.jdt.internal.compiler.lookup.CompilationUnitScope.faultInImports()V+711
j  org.eclipse.jdt.internal.compiler.lookup.CompilationUnitScope.faultInTypes()V+1
j  org.eclipse.jdt.core.dom.CompilationUnitResolver.resolve(Lorg/eclipse/jdt/internal/compiler/ast/CompilationUnitDeclaration;Lorg/eclipse/jdt/internal/compiler/env/ICompilationUnit;Lorg/eclipse/jdt/core/dom/NodeSearcher;ZZZ)Lorg/eclipse/jdt/internal/compiler/ast/CompilationUnitDeclaration;+345
j  org.eclipse.jdt.core.dom.CompilationUnitResolver.resolve(Lorg/eclipse/jdt/internal/compiler/env/ICompilationUnit;Lorg/eclipse/jdt/core/IJavaProject;Ljava/util/List;Lorg/eclipse/jdt/core/dom/NodeSearcher;Ljava/util/Map;Lorg/eclipse/jdt/core/WorkingCopyOwner;ILorg/eclipse/core/runtime/IProgressMonitor;)Lorg/eclipse/jdt/internal/compiler/ast/CompilationUnitDeclaration;+223
j  org.eclipse.jdt.core.dom.CompilationUnitResolver.toCompilationUnit(Lorg/eclipse/jdt/internal/compiler/env/ICompilationUnit;ZLorg/eclipse/jdt/core/IJavaProject;Ljava/util/List;Lorg/eclipse/jdt/core/dom/NodeSearcher;ILjava/util/Map;Lorg/eclipse/jdt/core/WorkingCopyOwner;Lorg/eclipse/jdt/core/WorkingCopyOwner;ILorg/eclipse/core/runtime/IProgressMonitor;)Lorg/eclipse/jdt/core/dom/CompilationUnit;+23
j  org.eclipse.jdt.core.dom.CompilationUnitResolver$ECJCompilationUnitResolver.toCompilationUnit(Lorg/eclipse/jdt/internal/compiler/env/ICompilationUnit;ZLorg/eclipse/jdt/core/IJavaProject;Ljava/util/List;IILjava/util/Map;Lorg/eclipse/jdt/core/WorkingCopyOwner;Lorg/eclipse/jdt/core/WorkingCopyOwner;ILorg/eclipse/core/runtime/IProgressMonitor;)Lorg/eclipse/jdt/core/dom/CompilationUnit;+36
j  org.eclipse.jdt.core.dom.ASTParser.internalCreateASTCached(Lorg/eclipse/core/runtime/IProgressMonitor;)Lorg/eclipse/jdt/core/dom/ASTNode;+772
j  org.eclipse.jdt.core.dom.ASTParser.lambda$1(Lorg/eclipse/core/runtime/IProgressMonitor;)Lorg/eclipse/jdt/core/dom/ASTNode;+2
j  org.eclipse.jdt.core.dom.ASTParser$$Lambda+0x0000026a5b61bb60.call()Ljava/lang/Object;+8
j  org.eclipse.jdt.internal.core.JavaModelManager.cacheZipFiles(Lorg/eclipse/jdt/core/JavaCore$JavaCallable;)Ljava/lang/Object;+16
j  org.eclipse.jdt.core.dom.ASTParser.internalCreateAST(Lorg/eclipse/core/runtime/IProgressMonitor;)Lorg/eclipse/jdt/core/dom/ASTNode;+7
j  org.eclipse.jdt.core.dom.ASTParser.createAST(Lorg/eclipse/core/runtime/IProgressMonitor;)Lorg/eclipse/jdt/core/dom/ASTNode;+39
j  org.eclipse.jdt.core.manipulation.CoreASTProvider$1.run()V+62
J 9640 c1 org.eclipse.core.runtime.SafeRunner.run(Lorg/eclipse/core/runtime/ISafeRunnable;)V (20 bytes) @ 0x0000026a26aba63c [0x0000026a26aba4a0+0x000000000000019c]
j  org.eclipse.jdt.core.manipulation.CoreASTProvider.createAST(Lorg/eclipse/jdt/core/ITypeRoot;Lorg/eclipse/core/runtime/IProgressMonitor;)Lorg/eclipse/jdt/core/dom/CompilationUnit;+82
j  org.eclipse.jdt.core.manipulation.CoreASTProvider.getAST(Lorg/eclipse/jdt/core/ITypeRoot;Lorg/eclipse/jdt/core/manipulation/CoreASTProvider$WAIT_FLAG;Lorg/eclipse/core/runtime/IProgressMonitor;)Lorg/eclipse/jdt/core/dom/CompilationUnit;+408
j  org.eclipse.jdt.ls.core.internal.JDTUtils.getAst(Lorg/eclipse/jdt/core/ITypeRoot;Lorg/eclipse/core/runtime/IProgressMonitor;)Lorg/eclipse/jdt/core/dom/CompilationUnit;+8
j  org.eclipse.jdt.ls.core.internal.handlers.SemanticTokensHandler.full(Lorg/eclipse/core/runtime/IProgressMonitor;Lorg/eclipse/lsp4j/SemanticTokensParams;Lorg/eclipse/jdt/ls/core/internal/handlers/BaseDocumentLifeCycleHandler$DocumentMonitor;)Lorg/eclipse/lsp4j/SemanticTokens;+51
j  org.eclipse.jdt.ls.core.internal.handlers.JDTLanguageServer.lambda$58(Lorg/eclipse/lsp4j/SemanticTokensParams;Lorg/eclipse/core/runtime/IProgressMonitor;)Lorg/eclipse/lsp4j/SemanticTokens;+25
j  org.eclipse.jdt.ls.core.internal.handlers.JDTLanguageServer$$Lambda+0x0000026a5b617858.apply(Ljava/lang/Object;)Ljava/lang/Object;+12
j  org.eclipse.jdt.ls.core.internal.BaseJDTLanguageServer.lambda$0(Ljava/util/function/Function;Lorg/eclipse/lsp4j/jsonrpc/CancelChecker;)Ljava/lang/Object;+6
j  org.eclipse.jdt.ls.core.internal.BaseJDTLanguageServer$$Lambda+0x0000026a5b5ddfb0.apply(Ljava/lang/Object;)Ljava/lang/Object;+12
j  java.util.concurrent.CompletableFuture$UniApply.tryFire(I)Ljava/util/concurrent/CompletableFuture;+106 java.base@21.0.12.1
j  java.util.concurrent.CompletableFuture$Completion.exec()Z+2 java.base@21.0.12.1
j  java.util.concurrent.ForkJoinTask.doExec()I+10 java.base@21.0.12.1
j  java.util.concurrent.ForkJoinPool$WorkQueue.topLevelExec(Ljava/util/concurrent/ForkJoinTask;Ljava/util/concurrent/ForkJoinPool$WorkQueue;)V+19 java.base@21.0.12.1
j  java.util.concurrent.ForkJoinPool.scan(Ljava/util/concurrent/ForkJoinPool$WorkQueue;II)I+211 java.base@21.0.12.1
j  java.util.concurrent.ForkJoinPool.runWorker(Ljava/util/concurrent/ForkJoinPool$WorkQueue;)V+35 java.base@21.0.12.1
j  java.util.concurrent.ForkJoinWorkerThread.run()V+31 java.base@21.0.12.1
v  ~StubRoutines::call_stub 0x0000026a2cc5100d

Compiled method (n/a) 94124  912     n 0       java.lang.ClassLoader::defineClass0 (native)
 total in heap  [0x0000026a2d24a010,0x0000026a2d24a4c8] = 1208
 relocation     [0x0000026a2d24a170,0x0000026a2d24a1a8] = 56
 main code      [0x0000026a2d24a1c0,0x0000026a2d24a4c1] = 769
 stub code      [0x0000026a2d24a4c1,0x0000026a2d24a4c8] = 7

[Constant Pool (empty)]

[MachCode]
[Entry Point]
  # {method} {0x0000026a5a434610} 'defineClass0' '(Ljava/lang/ClassLoader;Ljava/lang/Class;Ljava/lang/String;[BIILjava/security/ProtectionDomain;ZILjava/lang/Object;)Ljava/lang/Class;' in 'java/lang/ClassLoader'
  # parm0:    rdx:rdx   = 'java/lang/ClassLoader'
  # parm1:    r8:r8     = 'java/lang/Class'
  # parm2:    r9:r9     = 'java/lang/String'
  # parm3:    rdi:rdi   = '[B'
  # parm4:    rsi       = int
  # parm5:    rcx       = int
  # parm6:    [sp+0xb0]   = 'java/security/ProtectionDomain'  (sp of caller)
  # parm7:    [sp+0xb8]   = boolean
  # parm8:    [sp+0xc0]   = int
  # parm9:    [sp+0xc8]   = 'java/lang/Object'
  0x0000026a2d24a1c0: 448b 5208 | 49bb 0000 | 005a 6a02 | 0000 4d03 | d349 3bc2 | 0f84 0600 

  0x0000026a2d24a1d8: ;   {runtime_call ic_miss_stub}
  0x0000026a2d24a1d8: 0000 e9a1 | 42a5 ff90 
[Verified Entry Point]
  0x0000026a2d24a1e0: 8984 2400 | 80ff ff55 | 488b ec48 | 81ec a000 | 0000 6690 | 4181 7f20 | 0400 0000 

  0x0000026a2d24a1fc: ;   {runtime_call StubRoutines (final stubs)}
  0x0000026a2d24a1fc: 7405 e8dd | e7a3 ff48 | 837d 2800 | 488d 4528 | 480f 4445 | 2848 8944 | 2458 4863 | 4520 4889 
  0x0000026a2d24a21c: 4424 5048 | 6345 1848 | 8944 2448 | 4883 7d10 | 0048 8d45 | 1048 0f44 | 4510 4889 | 4424 4048 
  0x0000026a2d24a23c: 894c 2438 | 4889 7424 | 3048 897c | 2478 4883 | ff00 488d | 4424 7848 | 0f44 4424 | 7848 8944 
  0x0000026a2d24a25c: 2428 4c89 | 4c24 7049 | 83f9 0048 | 8d44 2470 | 480f 4444 | 2470 4889 | 4424 204c | 8944 2468 
  0x0000026a2d24a27c: 4983 f800 | 4c8d 4c24 | 684c 0f44 | 4c24 6848 | 8954 2460 | 4883 fa00 | 4c8d 4424 | 604c 0f44 
  0x0000026a2d24a29c: ;   {oop(a 'java/lang/Class'{0x000000040077ce30} = 'java/lang/ClassLoader')}
  0x0000026a2d24a29c: 4424 6049 | be30 ce77 | 0004 0000 | 004c 89b4 | 2490 0000 | 004c 8db4 | 2490 0000 | 0049 8bd6 
  0x0000026a2d24a2bc: ;   {internal_word}
  0x0000026a2d24a2bc: c5f8 7749 | babc a224 | 2d6a 0200 | 004d 8997 | a803 0000 | 4989 a7a0 

  0x0000026a2d24a2d4: ;   {external_word}
  0x0000026a2d24a2d4: 0300 0049 | ba06 6dcc | e2fe 7f00 | 0041 803a | 000f 844e | 0000 0052 | 4150 4151 

  0x0000026a2d24a2f0: ;   {metadata({method} {0x0000026a5a434610} 'defineClass0' '(Ljava/lang/ClassLoader;Ljava/lang/Class;Ljava/lang/String;[BIILjava/security/ProtectionDomain;ZILjava/lang/Object;)Ljava/lang/Class;' in 'java/lang/ClassLoader')}
  0x0000026a2d24a2f0: 48ba 0846 | 435a 6a02 | 0000 498b | cf48 83ec | 2040 f6c4 | 0f0f 8419 | 0000 0048 

  0x0000026a2d24a30c: ;   {runtime_call}
  0x0000026a2d24a30c: 83ec 0848 | b8e0 ea75 | e2fe 7f00 | 00ff d048 | 83c4 08e9 | 0c00 0000 

  0x0000026a2d24a324: ;   {runtime_call}
  0x0000026a2d24a324: 48b8 e0ea | 75e2 fe7f | 0000 ffd0 | 4883 c420 | 4159 4158 | 5a49 8d8f | c003 0000 | 41c7 874c 
  0x0000026a2d24a344: 0400 0004 

  0x0000026a2d24a348: ;   {runtime_call}
  0x0000026a2d24a348: 0000 0048 | b81c 155f | 30ff 7f00 | 00ff d0c5 | f877 41c7 | 874c 0400 | 0005 0000 | 00f0 8344 
  0x0000026a2d24a368: 24c0 0049 | 3baf 5004 | 0000 0f87 | 0e00 0000 | 4183 bf48 | 0400 0000 | 0f84 2b00 | 0000 c5f8 
  0x0000026a2d24a388: 7748 8945 | f849 8bcf | 4c8b e448 | 83ec 2048 

  0x0000026a2d24a398: ;   {runtime_call}
  0x0000026a2d24a398: 83e4 f048 | b800 5841 | e2fe 7f00 | 00ff d049 | 8be4 4d33 | e448 8b45 | f841 c787 | 4c04 0000 
  0x0000026a2d24a3b8: 0800 0000 | 4183 bfc8 | 0400 0002 | 0f84 ca00 

  0x0000026a2d24a3c8: ;   {external_word}
  0x0000026a2d24a3c8: 0000 49ba | 066d cce2 | fe7f 0000 | 4180 3a00 | 0f84 4c00 | 0000 4889 

  0x0000026a2d24a3e0: ;   {metadata({method} {0x0000026a5a434610} 'defineClass0' '(Ljava/lang/ClassLoader;Ljava/lang/Class;Ljava/lang/String;[BIILjava/security/ProtectionDomain;ZILjava/lang/Object;)Ljava/lang/Class;' in 'java/lang/ClassLoader')}
  0x0000026a2d24a3e0: 45f8 48ba | 0846 435a | 6a02 0000 | 498b cf48 | 83ec 2040 | f6c4 0f0f | 8419 0000 | 0048 83ec 
  0x0000026a2d24a400: ;   {runtime_call}
  0x0000026a2d24a400: 0848 b8e0 | ea75 e2fe | 7f00 00ff | d048 83c4 | 08e9 0c00 

  0x0000026a2d24a414: ;   {runtime_call}
  0x0000026a2d24a414: 0000 48b8 | e0ea 75e2 | fe7f 0000 | ffd0 4883 | c420 488b | 45f8 49c7 | 87a0 0300 | 0000 0000 
  0x0000026a2d24a434: 0049 c787 | a803 0000 | 0000 0000 | c5f8 7748 | 85c0 0f84 | 2500 0000 | a803 0f85 | 0800 0000 
  0x0000026a2d24a454: 488b 00e9 | 1500 0000 | a801 0f85 | 0900 0000 | 488b 40fe | e904 0000 | 0048 8b40 | ff49 8b8f 
  0x0000026a2d24a474: 3004 0000 | c781 0001 | 0000 0000 | 0000 c949 | 837f 0800 | 0f85 0100 

  0x0000026a2d24a48c: ;   {runtime_call StubRoutines (initial stubs)}
  0x0000026a2d24a48c: 0000 c3e9 | 6c6a a0ff | c5f8 7748 | 8945 f84c | 8be4 4883 | ec20 4883 

  0x0000026a2d24a4a4: ;   {runtime_call}
  0x0000026a2d24a4a4: e4f0 48b8 | 3022 76e2 | fe7f 0000 | ffd0 498b | e44d 33e4 | 488b 45f8 | e909 ffff | fff4 f4f4 
  0x0000026a2d24a4c4: f4f4 f4f4 
[/MachCode]


Compiled method (c1) 94184 2980       3       java.lang.System$2::defineClass (21 bytes)
 total in heap  [0x0000026a25cf6810,0x0000026a25cf6bf0] = 992
 relocation     [0x0000026a25cf6970,0x0000026a25cf69b0] = 64
 main code      [0x0000026a25cf69c0,0x0000026a25cf6af8] = 312
 stub code      [0x0000026a25cf6af8,0x0000026a25cf6b38] = 64
 metadata       [0x0000026a25cf6b38,0x0000026a25cf6b40] = 8
 scopes data    [0x0000026a25cf6b40,0x0000026a25cf6b88] = 72
 scopes pcs     [0x0000026a25cf6b88,0x0000026a25cf6bd8] = 80
 dependencies   [0x0000026a25cf6bd8,0x0000026a25cf6be0] = 8
 nul chk table  [0x0000026a25cf6be0,0x0000026a25cf6bf0] = 16

[Constant Pool (empty)]

[MachCode]
[Entry Point]
  # {method} {0x0000026a5a019588} 'defineClass' '(Ljava/lang/ClassLoader;Ljava/lang/Class;Ljava/lang/String;[BLjava/security/ProtectionDomain;ZILjava/lang/Object;)Ljava/lang/Class;' in 'java/lang/System$2'
  # this:     rdx:rdx   = 'java/lang/System$2'
  # parm0:    r8:r8     = 'java/lang/ClassLoader'
  # parm1:    r9:r9     = 'java/lang/Class'
  # parm2:    rdi:rdi   = 'java/lang/String'
  # parm3:    rsi:rsi   = '[B'
  # parm4:    rcx:rcx   = 'java/security/ProtectionDomain'
  # parm5:    [sp+0x70]   = boolean  (sp of caller)
  # parm6:    [sp+0x78]   = int
  # parm7:    [sp+0x80]   = 'java/lang/Object'
  0x0000026a25cf69c0: 448b 5208 | 49bb 0000 | 005a 6a02 | 0000 4d03 | d34c 3bd0 

  0x0000026a25cf69d4: ;   {runtime_call ic_miss_stub}
  0x0000026a25cf69d4: 0f85 a67a | fa06 660f | 1f44 0000 
[Verified Entry Point]
  0x0000026a25cf69e0: 8984 2400 | 80ff ff55 | 4883 ec60 | 4181 7f20 | 0400 0000 

  0x0000026a25cf69f4: ;   {runtime_call StubRoutines (final stubs)}
  0x0000026a25cf69f4: 7405 e8e5 | 1ff9 0648 

  0x0000026a25cf69fc: ;   {metadata(method data for {method} {0x0000026a5a019588} 'defineClass' '(Ljava/lang/ClassLoader;Ljava/lang/Class;Ljava/lang/String;[BLjava/security/ProtectionDomain;ZILjava/lang/Object;)Ljava/lang/Class;' in 'java/lang/System$2')}
  0x0000026a25cf69fc: 8bd9 48b9 | 2892 bc9c | 6a02 0000 | 8b81 cc00 | 0000 83c0 | 0289 81cc | 0000 0025 | fe07 0000 
  0x0000026a25cf6a1c: 85c0 0f84 | 6b00 0000 | 4c8b ac24 | 8000 0000 | 448b 5c24 | 788b 4424 | 708b 4e0c 

  0x0000026a25cf6a38: ;   {metadata(method data for {method} {0x0000026a5a019588} 'defineClass' '(Ljava/lang/ClassLoader;Ljava/lang/Class;Ljava/lang/String;[BLjava/security/ProtectionDomain;ZILjava/lang/Object;)Ljava/lang/Class;' in 'java/lang/System$2')}
  0x0000026a25cf6a38: 48ba 2892 | bc9c 6a02 | 0000 4883 | 8210 0100 | 0001 498b | d04d 8bc1 | 4c8b cf48 | 8bfe be00 
  0x0000026a25cf6a58: 0000 0048 | 891c 2489 | 4424 0844 | 895c 2410 | 4c89 6c24 

  0x0000026a25cf6a6c: ;   {static_call}
  0x0000026a25cf6a6c: 1866 90e8 

  0x0000026a25cf6a70: ; ImmutableOopMap {}
                      ;*invokestatic defineClass0 {reexecute=0 rethrow=0 return_oop=0}
                      ; - java.lang.System$2::defineClass@17
  0x0000026a25cf6a70: 6c37 5507 

  0x0000026a25cf6a74: ;   {other}
  0x0000026a25cf6a74: 0f1f 8400 | 6402 0000 | 4883 c460 

  0x0000026a25cf6a80: ;   {poll_return}
  0x0000026a25cf6a80: 5d49 3ba7 | 5004 0000 | 0f87 2700 

  0x0000026a25cf6a8c: ;   {metadata({method} {0x0000026a5a019588} 'defineClass' '(Ljava/lang/ClassLoader;Ljava/lang/Class;Ljava/lang/String;[BLjava/security/ProtectionDomain;ZILjava/lang/Object;)Ljava/lang/Class;' in 'java/lang/System$2')}
  0x0000026a25cf6a8c: 0000 c349 | ba80 9501 | 5a6a 0200 | 004c 8954 | 2408 48c7 | 0424 ffff 

  0x0000026a25cf6aa4: ;   {runtime_call counter_overflow Runtime1 stub}
  0x0000026a25cf6aa4: ffff e8d5 

  0x0000026a25cf6aa8: ; ImmutableOopMap {rdx=Oop r8=Oop r9=Oop rdi=Oop rsi=Oop rbx=Oop [128]=Oop }
                      ;*synchronization entry
                      ; - java.lang.System$2::defineClass@-1
  0x0000026a25cf6aa8: f105 07e9 | 74ff ffff 

  0x0000026a25cf6ab0: ;   {runtime_call throw_null_pointer_exception Runtime1 stub}
  0x0000026a25cf6ab0: e84b b5fc 

  0x0000026a25cf6ab4: ; ImmutableOopMap {r8=Oop r9=Oop rdi=Oop rsi=Oop rbx=Oop r13=Oop [128]=Oop }
                      ;*arraylength {reexecute=0 rethrow=0 return_oop=0}
                      ; - java.lang.System$2::defineClass@8
                      ;   {internal_word}
  0x0000026a25cf6ab4: 0649 ba81 | 6acf 256a | 0200 004d | 8997 6804 

  0x0000026a25cf6ac4: ;   {runtime_call SafepointBlob}
  0x0000026a25cf6ac4: 0000 e935 | e0fa 0649 | 8b87 0005 | 0000 49c7 | 8700 0500 | 0000 0000 | 0049 c787 | 0805 0000 
  0x0000026a25cf6ae4: 0000 0000 | 4883 c460 

  0x0000026a25cf6aec: ;   {runtime_call unwind_exception Runtime1 stub}
  0x0000026a25cf6aec: 5de9 0ec4 | fc06 f4f4 | f4f4 f4f4 
[Stub Code]
  0x0000026a25cf6af8: ;   {no_reloc}
  0x0000026a25cf6af8: 48bb 0000 | 0000 0000 

  0x0000026a25cf6b00: ;   {runtime_call nmethod}
  0x0000026a25cf6b00: 0000 e9fb 

  0x0000026a25cf6b04: ;   {runtime_call handle_exception_from_callee Runtime1 stub}
  0x0000026a25cf6b04: ffff ffe8 | f496 fc06 

  0x0000026a25cf6b0c: ;   {external_word}
  0x0000026a25cf6b0c: 48b9 5063 | a2e2 fe7f | 0000 4883 

  0x0000026a25cf6b18: ;   {runtime_call}
  0x0000026a25cf6b18: e4f0 48b8 | c0c9 64e2 | fe7f 0000 

  0x0000026a25cf6b24: ;   {section_word}
  0x0000026a25cf6b24: ffd0 f449 | ba27 6bcf | 256a 0200 

  0x0000026a25cf6b30: ;   {runtime_call DeoptimizationBlob}
  0x0000026a25cf6b30: 0041 52e9 | 68d2 fa06 
[/MachCode]


Compiled method (c1) 94221 2979   !   3       java.lang.invoke.MethodHandles$Lookup$ClassDefiner::defineClass (213 bytes)
 total in heap  [0x0000026a25cf5510,0x0000026a25cf67a0] = 4752
 relocation     [0x0000026a25cf5670,0x0000026a25cf5790] = 288
 main code      [0x0000026a25cf57a0,0x0000026a25cf6210] = 2672
 stub code      [0x0000026a25cf6210,0x0000026a25cf6288] = 120
 metadata       [0x0000026a25cf6288,0x0000026a25cf6310] = 136
 scopes data    [0x0000026a25cf6310,0x0000026a25cf6528] = 536
 scopes pcs     [0x0000026a25cf6528,0x0000026a25cf66e8] = 448
 dependencies   [0x0000026a25cf66e8,0x0000026a25cf6710] = 40
 handler table  [0x0000026a25cf6710,0x0000026a25cf6758] = 72
 nul chk table  [0x0000026a25cf6758,0x0000026a25cf67a0] = 72

[Constant Pool (empty)]

[MachCode]
[Entry Point]
  # {method} {0x0000026a5a1eae68} 'defineClass' '(ZLjava/lang/Object;)Ljava/lang/Class;' in 'java/lang/invoke/MethodHandles$Lookup$ClassDefiner'
  # this:     rdx:rdx   = 'java/lang/invoke/MethodHandles$Lookup$ClassDefiner'
  # parm0:    r8        = boolean
  # parm1:    r9:r9     = 'java/lang/Object'
  #           [sp+0xf0]  (sp of caller)
  0x0000026a25cf57a0: 448b 5208 | 49bb 0000 | 005a 6a02 | 0000 4d03 | d34c 3bd0 

  0x0000026a25cf57b4: ;   {runtime_call ic_miss_stub}
  0x0000026a25cf57b4: 0f85 c68c | fa06 660f | 1f44 0000 
[Verified Entry Point]
  0x0000026a25cf57c0: 8984 2400 | 80ff ff55 | 4881 ece0 | 0000 0090 | 4181 7f20 | 0400 0000 

  0x0000026a25cf57d8: ;   {runtime_call StubRoutines (final stubs)}
  0x0000026a25cf57d8: 7405 e801 | 32f9 0648 | 8994 2498 | 0000 0044 | 8984 24b0 | 0000 004c | 898c 24b8 

  0x0000026a25cf57f4: ;   {metadata(method data for {method} {0x0000026a5a1eae68} 'defineClass' '(ZLjava/lang/Object;)Ljava/lang/Class;' in 'java/lang/invoke/MethodHandles$Lookup$ClassDefiner')}
  0x0000026a25cf57f4: 0000 0048 | be00 87bc | 9c6a 0200 | 008b becc | 0000 0083 | c702 89be | cc00 0000 | 81e7 fe07 
  0x0000026a25cf5814: 0000 85ff | 0f84 a307 | 0000 8b72 | 1048 c1e6 | 0348 89b4 | 2490 0000 | 0048 3b06 

  0x0000026a25cf5830: ;   {metadata(method data for {method} {0x0000026a5a1eae68} 'defineClass' '(ZLjava/lang/Object;)Ljava/lang/Class;' in 'java/lang/invoke/MethodHandles$Lookup$ClassDefiner')}
  0x0000026a25cf5830: 488b fe48 | bb00 87bc | 9c6a 0200 | 0048 8383 | 1001 0000 | 018b 7e10 | 48c1 e703 | 4889 bc24 
  0x0000026a25cf5850: a800 0000 

  0x0000026a25cf5854: ; implicit exception: dispatches to 0x0000026a25cf5fe7
  0x0000026a25cf5854: 483b 0748 

  0x0000026a25cf5858: ;   {metadata(method data for {method} {0x0000026a5a1eae68} 'defineClass' '(ZLjava/lang/Object;)Ljava/lang/Class;' in 'java/lang/invoke/MethodHandles$Lookup$ClassDefiner')}
  0x0000026a25cf5858: 8bdf 48b8 | 0087 bc9c | 6a02 0000 | 4883 8048 | 0100 0001 

  0x0000026a25cf586c: ;   {metadata(method data for {method} {0x0000026a5a468e60} 'getClassLoader' '()Ljava/lang/ClassLoader;' in 'java/lang/Class')}
  0x0000026a25cf586c: 48bb f03d | 029c 6a02 | 0000 8b83 | cc00 0000 | 83c0 0289 | 83cc 0000 | 0025 feff | 1f00 85c0 
  0x0000026a25cf588c: 0f84 5a07 | 0000 8b5f | 3448 c1e3 | 0348 85db 

  0x0000026a25cf589c: ;   {metadata(method data for {method} {0x0000026a5a468e60} 'getClassLoader' '()Ljava/lang/ClassLoader;' in 'java/lang/Class')}
  0x0000026a25cf589c: 48b8 f03d | 029c 6a02 | 0000 48c7 | c110 0100 | 0075 0748 | c7c1 2001 | 0000 4c8b | 1c08 4d8d 
  0x0000026a25cf58bc: 5b01 4c89 | 1c08 0f85 | 0f00 0000 

  0x0000026a25cf58c8: ;   {oop(nullptr)}
  0x0000026a25cf58c8: 48bb 0000 | 0000 0000 | 0000 e9a2 

  0x0000026a25cf58d4: ;   {metadata(method data for {method} {0x0000026a5a468e60} 'getClassLoader' '()Ljava/lang/ClassLoader;' in 'java/lang/Class')}
  0x0000026a25cf58d4: 0000 0048 | b8f0 3d02 | 9c6a 0200 | 0048 8380 | 3001 0000 

  0x0000026a25cf58e8: ;   {metadata(method data for {method} {0x0000026a5a01b1d0} 'getSecurityManager' '()Ljava/lang/SecurityManager;' in 'java/lang/System')}
  0x0000026a25cf58e8: 0148 b8b0 | 3f02 9c6a | 0200 008b | 88cc 0000 | 0083 c102 | 8988 cc00 | 0000 81e1 | feff 1f00 
  0x0000026a25cf5908: 85c9 0f84 | fd06 0000 

  0x0000026a25cf5910: ;   {metadata(method data for {method} {0x0000026a5a01b1d0} 'getSecurityManager' '()Ljava/lang/SecurityManager;' in 'java/lang/System')}
  0x0000026a25cf5910: 48b8 b03f | 029c 6a02 | 0000 4883 | 8010 0100 

  0x0000026a25cf5920: ;   {metadata(method data for {method} {0x0000026a5a01b2e8} 'allowSecurityManager' '()Z' in 'java/lang/System')}
  0x0000026a25cf5920: 0001 48b8 | 2841 029c | 6a02 0000 | 8b88 cc00 | 0000 83c1 | 0289 88cc | 0000 0081 | e1fe ff1f 
  0x0000026a25cf5940: 0085 c90f | 84e5 0600 

  0x0000026a25cf5948: ;   {metadata(method data for {method} {0x0000026a5a01b2e8} 'allowSecurityManager' '()Z' in 'java/lang/System')}
  0x0000026a25cf5948: 0048 b828 | 4102 9c6a | 0200 00ff | 8010 0100 

  0x0000026a25cf5958: ;   {metadata(method data for {method} {0x0000026a5a01b1d0} 'getSecurityManager' '()Ljava/lang/SecurityManager;' in 'java/lang/System')}
  0x0000026a25cf5958: 0048 b8b0 | 3f02 9c6a | 0200 00ff | 8020 0100 

  0x0000026a25cf5968: ;   {metadata(method data for {method} {0x0000026a5a468e60} 'getClassLoader' '()Ljava/lang/ClassLoader;' in 'java/lang/Class')}
  0x0000026a25cf5968: 0048 b8f0 | 3d02 9c6a | 0200 00ff | 8040 0100 | 0048 85db 

  0x0000026a25cf597c: ;   {metadata(method data for {method} {0x0000026a5a1eae68} 'defineClass' '(ZLjava/lang/Object;)Ljava/lang/Class;' in 'java/lang/invoke/MethodHandles$Lookup$ClassDefiner')}
  0x0000026a25cf597c: 48b8 0087 | bc9c 6a02 | 0000 48c7 | c180 0100 | 0074 0748 | c7c1 9001 | 0000 4c8b | 1c08 4d8d 
  0x0000026a25cf599c: 5b01 4c89 | 1c08 0f84 | 5302 0000 

  0x0000026a25cf59a8: ;   {metadata(method data for {method} {0x0000026a5a1eae68} 'defineClass' '(ZLjava/lang/Object;)Ljava/lang/Class;' in 'java/lang/invoke/MethodHandles$Lookup$ClassDefiner')}
  0x0000026a25cf59a8: 488b c648 | b900 87bc | 9c6a 0200 | 0048 8381 | a001 0000 

  0x0000026a25cf59bc: ;   {metadata(method data for {method} {0x0000026a5a3e0578} 'lookupClassProtectionDomain' '()Ljava/security/ProtectionDomain;' in 'java/lang/invoke/MethodHandles$Lookup')}
  0x0000026a25cf59bc: 0148 b838 | 8dbc 9c6a | 0200 008b | 88cc 0000 | 0083 c102 | 8988 cc00 | 0000 81e1 | feff 1f00 
  0x0000026a25cf59dc: 85c9 0f84 | 6b06 0000 | 8b46 1848 | c1e0 0348 

  0x0000026a25cf59ec: ;   {metadata(method data for {method} {0x0000026a5a3e0578} 'lookupClassProtectionDomain' '()Ljava/security/ProtectionDomain;' in 'java/lang/invoke/MethodHandles$Lookup')}
  0x0000026a25cf59ec: 85c0 48b9 | 388d bc9c | 6a02 0000 | 49c7 c310 | 0100 0075 | 0749 c7c3 | 2001 0000 | 4e8b 2c19 
  0x0000026a25cf5a0c: 4d8d 6d01 | 4e89 2c19 | 4889 9c24 | a000 0000 | 0f85 c301 

  0x0000026a25cf5a20: ;   {metadata(method data for {method} {0x0000026a5a3e0578} 'lookupClassProtectionDomain' '()Ljava/security/ProtectionDomain;' in 'java/lang/invoke/MethodHandles$Lookup')}
  0x0000026a25cf5a20: 0000 48b8 | 388d bc9c | 6a02 0000 | 4883 8030 | 0100 0001 

  0x0000026a25cf5a34: ;   {metadata(method data for {method} {0x0000026a5a473b88} 'getJavaLangAccess' '()Ljdk/internal/access/JavaLangAccess;' in 'jdk/internal/access/SharedSecrets')}
  0x0000026a25cf5a34: 48b8 f021 | 399c 6a02 | 0000 8b88 | cc00 0000 | 83c1 0289 | 88cc 0000 | 0081 e1fe | ff1f 0085 
  0x0000026a25cf5a54: c90f 8415 

  0x0000026a25cf5a58: ;   {oop(a 'java/lang/Class'{0x00000004002be0f0} = 'jdk/internal/access/SharedSecrets')}
  0x0000026a25cf5a58: 0600 0048 | b8f0 e02b | 0004 0000 | 008b 407c | 48c1 e003 | 8b4e 1048 | c1e1 0348 | 85c0 0f84 
  0x0000026a25cf5a78: 2a00 0000 

  0x0000026a25cf5a7c: ;   {metadata('java/lang/System$2')}
  0x0000026a25cf5a7c: 48be 6082 | 015a 6a02 | 0000 448b | 7008 49ba | 0000 005a | 6a02 0000 | 4d03 f249 | 3b76 380f 
  0x0000026a25cf5a9c: 85f0 0500 | 00e9 0000 | 0000 4c8b | d848 3b00 

  0x0000026a25cf5aac: ;   {metadata(method data for {method} {0x0000026a5a3e0578} 'lookupClassProtectionDomain' '()Ljava/security/ProtectionDomain;' in 'java/lang/invoke/MethodHandles$Lookup')}
  0x0000026a25cf5aac: 48be 388d | bc9c 6a02 

  0x0000026a25cf5ab4: ;   {metadata('java/lang/System$2')}
  0x0000026a25cf5ab4: 0000 49ba | 6082 015a | 6a02 0000 | 4c89 9650 | 0100 0048 | 8386 5801 

  0x0000026a25cf5acc: ;   {metadata(method data for {method} {0x0000026a5a0192c8} 'protectionDomain' '(Ljava/lang/Class;)Ljava/security/ProtectionDomain;' in 'java/lang/System$2')}
  0x0000026a25cf5acc: 0000 0148 | bef0 8ebc | 9c6a 0200 | 008b 86cc | 0000 0083 | c002 8986 | cc00 0000 | 25fe ff1f 
  0x0000026a25cf5aec: 0085 c00f | 84a6 0500 | 0048 3b01 

  0x0000026a25cf5af8: ;   {metadata(method data for {method} {0x0000026a5a0192c8} 'protectionDomain' '(Ljava/lang/Class;)Ljava/security/ProtectionDomain;' in 'java/lang/System$2')}
  0x0000026a25cf5af8: 488b f148 | b8f0 8ebc | 9c6a 0200 | 0048 8380 | 1001 0000 

  0x0000026a25cf5b0c: ;   {metadata(method data for {method} {0x0000026a5a467bb8} 'protectionDomain' '()Ljava/security/ProtectionDomain;' in 'java/lang/Class')}
  0x0000026a25cf5b0c: 0148 be80 | 90bc 9c6a | 0200 008b | 86cc 0000 | 0083 c002 | 8986 cc00 | 0000 25fe | ff1f 0085 
  0x0000026a25cf5b2c: c00f 848e | 0500 0048 

  0x0000026a25cf5b34: ;   {metadata(method data for {method} {0x0000026a5a467bb8} 'protectionDomain' '()Ljava/security/ProtectionDomain;' in 'java/lang/Class')}
  0x0000026a25cf5b34: 8bf1 48b8 | 8090 bc9c | 6a02 0000 | 4883 8010 | 0100 0001 | 488b d10f 

  0x0000026a25cf5b4c: ;   {optimized virtual_call}
  0x0000026a25cf5b4c: 1f40 00e8 

  0x0000026a25cf5b50: ; ImmutableOopMap {[144]=Oop [152]=Oop [160]=Oop [168]=Oop [184]=Oop }
                      ;*invokevirtual getProtectionDomain0 {reexecute=0 rethrow=0 return_oop=0}
                      ; - java.lang.Class::protectionDomain@1
                      ; - java.lang.System$2::protectionDomain@1
                      ; - java.lang.invoke.MethodHandles$Lookup::lookupClassProtectionDomain@17
                      ; - java.lang.invoke.MethodHandles$Lookup$ClassDefiner::defineClass@23
  0x0000026a25cf5b50: ec7f 6307 

  0x0000026a25cf5b54: ;   {other}
  0x0000026a25cf5b54: 0f1f 8400 | 4406 0000 

  0x0000026a25cf5b5c: ;   {metadata(method data for {method} {0x0000026a5a467bb8} 'protectionDomain' '()Ljava/security/ProtectionDomain;' in 'java/lang/Class')}
  0x0000026a25cf5b5c: 4885 c049 | b880 90bc | 9c6a 0200 | 0049 c7c1 | 4801 0000 | 7507 49c7 | c158 0100 | 004b 8b3c 
  0x0000026a25cf5b7c: 0848 8d7f | 014b 893c | 080f 8525 | 0000 000f | 1f44 0000 

  0x0000026a25cf5b90: ;   {no_reloc}
  0x0000026a25cf5b90: e9c5 0500 | 0000 0000 | 0000 660f | 1f44 0000 

  0x0000026a25cf5ba0: ; implicit exception: dispatches to 0x0000026a25cf6164
  0x0000026a25cf5ba0: e9d0 0500 | 0090 9049 | c1e0 03e9 | 0300 0000 | 4c8b c048 | 8bb4 2490 | 0000 004d | 8bd0 49c1 
  0x0000026a25cf5bc0: ea03 4489 | 5618 f083 | 4424 c000 | 4c8d 0e49 | c1e9 0948 | bf00 0072 | 326a 0200 | 0041 c604 
  0x0000026a25cf5be0: 3900 498b 

  0x0000026a25cf5be4: ;   {metadata(method data for {method} {0x0000026a5a1eae68} 'defineClass' '(ZLjava/lang/Object;)Ljava/lang/Class;' in 'java/lang/invoke/MethodHandles$Lookup$ClassDefiner')}
  0x0000026a25cf5be4: c049 b800 | 87bc 9c6a | 0200 0041 | ff80 d801 | 0000 e912 | 0000 0048 | 899c 24a0 

  0x0000026a25cf5c00: ;   {oop(nullptr)}
  0x0000026a25cf5c00: 0000 0048 | b800 0000 | 0000 0000 | 0048 8b9c | 24a0 0000 | 0048 8bbc | 24a8 0000 | 0048 8b94 
  0x0000026a25cf5c20: 2498 0000 

  0x0000026a25cf5c24: ;   {metadata(method data for {method} {0x0000026a5a1eae68} 'defineClass' '(ZLjava/lang/Object;)Ljava/lang/Class;' in 'java/lang/invoke/MethodHandles$Lookup$ClassDefiner')}
  0x0000026a25cf5c24: 0049 b800 | 87bc 9c6a | 0200 0049 | 8380 f001 

  0x0000026a25cf5c34: ;   {metadata(method data for {method} {0x0000026a5a473b88} 'getJavaLangAccess' '()Ljdk/internal/access/JavaLangAccess;' in 'jdk/internal/access/SharedSecrets')}
  0x0000026a25cf5c34: 0000 0149 | b8f0 2139 | 9c6a 0200 | 0045 8b88 | cc00 0000 | 4183 c102 | 4589 88cc | 0000 0041 
  0x0000026a25cf5c54: 81e1 feff | 1f00 4585 | c90f 841c 

  0x0000026a25cf5c60: ;   {oop(a 'java/lang/Class'{0x00000004002be0f0} = 'jdk/internal/access/SharedSecrets')}
  0x0000026a25cf5c60: 0500 0049 | b8f0 e02b | 0004 0000 | 0045 8b70 | 7c49 c1e6 | 038b 7214 | 48c1 e603 | 8b4a 1848 
  0x0000026a25cf5c80: c1e1 0344 | 8b4a 0c4d | 85f6 0f84 | 2a00 0000 

  0x0000026a25cf5c90: ;   {metadata('java/lang/System$2')}
  0x0000026a25cf5c90: 49bb 6082 | 015a 6a02 | 0000 458b | 6e08 49ba | 0000 005a | 6a02 0000 | 4d03 ea4d | 3b5d 380f 
  0x0000026a25cf5cb0: 85eb 0400 | 00e9 0000 | 0000 4d8b | c649 3b06 

  0x0000026a25cf5cc0: ;   {metadata(method data for {method} {0x0000026a5a1eae68} 'defineClass' '(ZLjava/lang/Object;)Ljava/lang/Class;' in 'java/lang/invoke/MethodHandles$Lookup$ClassDefiner')}
  0x0000026a25cf5cc0: 4d8b c648 | ba00 87bc | 9c6a 0200 

  0x0000026a25cf5ccc: ;   {metadata('java/lang/System$2')}
  0x0000026a25cf5ccc: 0049 ba60 | 8201 5a6a | 0200 004c | 8992 1002 | 0000 4883 | 8218 0200 | 0001 4c8b | c349 8bd1 
  0x0000026a25cf5cec: 4c8b cf48 | 8bfe 488b | f148 8bc8 | 8b84 24b0 | 0000 0089 | 0424 8954 | 2408 488b | 9424 b800 
  0x0000026a25cf5d0c: 0000 4889 | 5424 1049 

  0x0000026a25cf5d14: ;   {optimized virtual_call}
  0x0000026a25cf5d14: 8bd6 90e8 

  0x0000026a25cf5d18: ; ImmutableOopMap {[152]=Oop [168]=Oop }
                      ;*invokeinterface defineClass {reexecute=0 rethrow=0 return_oop=0}
                      ; - java.lang.invoke.MethodHandles$Lookup$ClassDefiner::defineClass@57
  0x0000026a25cf5d18: c40c 0000 

  0x0000026a25cf5d1c: ;   {other}
  0x0000026a25cf5d1c: 0f1f 8400 | 0c08 0001 

  0x0000026a25cf5d24: ;   {metadata(method data for {method} {0x0000026a5a1eae68} 'defineClass' '(ZLjava/lang/Object;)Ljava/lang/Class;' in 'java/lang/invoke/MethodHandles$Lookup$ClassDefiner')}
  0x0000026a25cf5d24: 49b8 0087 | bc9c 6a02 | 0000 41ff | 8038 0200 | 0048 8b94 | 2498 0000 | 008b 721c | 48c1 e603 
  0x0000026a25cf5d44: ; implicit exception: dispatches to 0x0000026a25cf61aa
  0x0000026a25cf5d44: 483b 064c 

  0x0000026a25cf5d48: ;   {metadata(method data for {method} {0x0000026a5a1eae68} 'defineClass' '(ZLjava/lang/Object;)Ljava/lang/Class;' in 'java/lang/invoke/MethodHandles$Lookup$ClassDefiner')}
  0x0000026a25cf5d48: 8bc6 49b9 | 0087 bc9c | 6a02 0000 | 4983 8150 | 0300 0001 | 440f be46 | 0c41 83e0 | 0145 85c0 
  0x0000026a25cf5d68: ;   {metadata(method data for {method} {0x0000026a5a1eae68} 'defineClass' '(ZLjava/lang/Object;)Ljava/lang/Class;' in 'java/lang/invoke/MethodHandles$Lookup$ClassDefiner')}
  0x0000026a25cf5d68: 49b8 0087 | bc9c 6a02 | 0000 49c7 | c188 0300 | 0074 0749 | c7c1 9803 | 0000 4b8b | 3c08 488d 
  0x0000026a25cf5d88: 7f01 4b89 | 3c08 0f84 | d801 0000 

  0x0000026a25cf5d94: ;   {metadata(method data for {method} {0x0000026a5a1eae68} 'defineClass' '(ZLjava/lang/Object;)Ljava/lang/Class;' in 'java/lang/invoke/MethodHandles$Lookup$ClassDefiner')}
  0x0000026a25cf5d94: 4c8b c249 | b900 87bc | 9c6a 0200 

  0x0000026a25cf5da0: ;   {metadata('java/lang/invoke/MethodHandles$Lookup$ClassDefiner')}
  0x0000026a25cf5da0: 0049 ba28 | ac1e 5a6a | 0200 004d | 8991 b803 | 0000 4983 | 81c0 0300 | 0001 8b7a | 1448 c1e7 
  0x0000026a25cf5dc0: 0348 85c0 

  0x0000026a25cf5dc4: ;   {metadata(method data for {method} {0x0000026a5a1eae68} 'defineClass' '(ZLjava/lang/Object;)Ljava/lang/Class;' in 'java/lang/invoke/MethodHandles$Lookup$ClassDefiner')}
  0x0000026a25cf5dc4: 49b8 0087 | bc9c 6a02 | 0000 49c7 | c1e0 0300 | 0074 0749 | c7c1 f003 | 0000 4b8b | 1c08 488d 
  0x0000026a25cf5de4: 5b01 4b89 | 1c08 0f84 | 3b01 0000 | e9c5 0000 | 0048 8b94 | 2498 0000 | 0049 8b87 | 0005 0000 
  0x0000026a25cf5e04: 4d33 d24d | 8997 0005 | 0000 4d33 | d24d 8997 | 0805 0000 | 8b72 1c48 | c1e6 0348 | 3b06 4c8b 
  0x0000026a25cf5e24: ;   {metadata(method data for {method} {0x0000026a5a1eae68} 'defineClass' '(ZLjava/lang/Object;)Ljava/lang/Class;' in 'java/lang/invoke/MethodHandles$Lookup$ClassDefiner')}
  0x0000026a25cf5e24: c649 b900 | 87bc 9c6a | 0200 0049 | 8381 8804 | 0000 0144 | 0fbe 460c | 4183 e001 

  0x0000026a25cf5e40: ;   {metadata(method data for {method} {0x0000026a5a1eae68} 'defineClass' '(ZLjava/lang/Object;)Ljava/lang/Class;' in 'java/lang/invoke/MethodHandles$Lookup$ClassDefiner')}
  0x0000026a25cf5e40: 4585 c049 | b800 87bc | 9c6a 0200 | 0049 c7c1 | c004 0000 | 7407 49c7 | c1d0 0400 | 004b 8b3c 
  0x0000026a25cf5e60: 0848 8d7f | 014b 893c | 080f 844d | 0100 004c 

  0x0000026a25cf5e70: ;   {metadata(method data for {method} {0x0000026a5a1eae68} 'defineClass' '(ZLjava/lang/Object;)Ljava/lang/Class;' in 'java/lang/invoke/MethodHandles$Lookup$ClassDefiner')}
  0x0000026a25cf5e70: 8bc2 49b9 | 0087 bc9c | 6a02 0000 

  0x0000026a25cf5e7c: ;   {metadata('java/lang/invoke/MethodHandles$Lookup$ClassDefiner')}
  0x0000026a25cf5e7c: 49ba 28ac | 1e5a 6a02 | 0000 4d89 | 91f0 0400 | 0049 8381 | f804 0000 | 018b 7a14 | 48c1 e703 
  0x0000026a25cf5e9c: ;   {metadata(method data for {method} {0x0000026a5a1eae68} 'defineClass' '(ZLjava/lang/Object;)Ljava/lang/Class;' in 'java/lang/invoke/MethodHandles$Lookup$ClassDefiner')}
  0x0000026a25cf5e9c: 49b8 0087 | bc9c 6a02 | 0000 41ff | 8018 0500 | 0048 8984 | 24c8 0000 | 00e9 c800 | 0000 8b52 
  0x0000026a25cf5ebc: 1848 c1e2 | 034c 8bc6 

  0x0000026a25cf5ec4: ;   {metadata(method data for {method} {0x0000026a5a1eae68} 'defineClass' '(ZLjava/lang/Object;)Ljava/lang/Class;' in 'java/lang/invoke/MethodHandles$Lookup$ClassDefiner')}
  0x0000026a25cf5ec4: 49b9 0087 | bc9c 6a02 | 0000 4983 | 8100 0400 | 0001 4c8b | c74c 8bc8 | 488b fa48 | 8bd6 4889 
  0x0000026a25cf5ee4: 8424 c000 | 0000 0f1f 

  0x0000026a25cf5eec: ;   {optimized virtual_call}
  0x0000026a25cf5eec: 4400 00e8 

  0x0000026a25cf5ef0: ; ImmutableOopMap {[192]=Oop }
                      ;*invokevirtual dumpClass {reexecute=0 rethrow=0 return_oop=0}
                      ; - java.lang.invoke.MethodHandles$Lookup$ClassDefiner::defineClass@134
  0x0000026a25cf5ef0: 8c88 fa06 

  0x0000026a25cf5ef4: ;   {other}
  0x0000026a25cf5ef4: 0f1f 8400 | e409 0002 

  0x0000026a25cf5efc: ;   {metadata(method data for {method} {0x0000026a5a1eae68} 'defineClass' '(ZLjava/lang/Object;)Ljava/lang/Class;' in 'java/lang/invoke/MethodHandles$Lookup$ClassDefiner')}
  0x0000026a25cf5efc: 49b8 0087 | bc9c 6a02 | 0000 41ff | 8038 0400 | 0048 8b84 | 24c0 0000 | 0048 81c4 | e000 0000 
  0x0000026a25cf5f1c: ;   {poll_return}
  0x0000026a25cf5f1c: 5d49 3ba7 | 5004 0000 | 0f87 8a02 | 0000 c348 | 8984 24c0 | 0000 0044 | 8b4a 1849 | c1e1 034c 
  0x0000026a25cf5f3c: ;   {metadata(method data for {method} {0x0000026a5a1eae68} 'defineClass' '(ZLjava/lang/Object;)Ljava/lang/Class;' in 'java/lang/invoke/MethodHandles$Lookup$ClassDefiner')}
  0x0000026a25cf5f3c: 8bc6 48ba | 0087 bc9c | 6a02 0000 | 4883 8250 | 0400 0001 | 4c8b c748 

  0x0000026a25cf5f54: ;   {optimized virtual_call}
  0x0000026a25cf5f54: 8bd6 90e8 

  0x0000026a25cf5f58: ; ImmutableOopMap {[192]=Oop }
                      ;*invokevirtual dumpFailedClass {reexecute=0 rethrow=0 return_oop=0}
                      ; - java.lang.invoke.MethodHandles$Lookup$ClassDefiner::defineClass@150
  0x0000026a25cf5f58: 2488 fa06 

  0x0000026a25cf5f5c: ;   {other}
  0x0000026a25cf5f5c: 0f1f 8400 | 4c0a 0003 | 488b 8424 | c000 0000 | 4881 c4e0 | 0000 005d 

  0x0000026a25cf5f74: ;   {poll_return}
  0x0000026a25cf5f74: 493b a750 | 0400 000f | 8749 0200 | 00c3 448b | 4a18 49c1 | e103 4c8b 

  0x0000026a25cf5f8c: ;   {metadata(method data for {method} {0x0000026a5a1eae68} 'defineClass' '(ZLjava/lang/Object;)Ljava/lang/Class;' in 'java/lang/invoke/MethodHandles$Lookup$ClassDefiner')}
  0x0000026a25cf5f8c: c648 ba00 | 87bc 9c6a | 0200 0048 | 8382 8805 | 0000 014c | 8bc7 488b 

  0x0000026a25cf5fa4: ;   {optimized virtual_call}
  0x0000026a25cf5fa4: d666 90e8 

  0x0000026a25cf5fa8: ; ImmutableOopMap {[200]=Oop }
                      ;*invokevirtual dumpFailedClass {reexecute=0 rethrow=0 return_oop=0}
                      ; - java.lang.invoke.MethodHandles$Lookup$ClassDefiner::defineClass@207
  0x0000026a25cf5fa8: d487 fa06 

  0x0000026a25cf5fac: ;   {other}
  0x0000026a25cf5fac: 0f1f 8400 | 9c0a 0004 | 488b 8424 | c800 0000 | e93c 0200 

  0x0000026a25cf5fc0: ;   {metadata({method} {0x0000026a5a1eae68} 'defineClass' '(ZLjava/lang/Object;)Ljava/lang/Class;' in 'java/lang/invoke/MethodHandles$Lookup$ClassDefiner')}
  0x0000026a25cf5fc0: 0049 ba60 | ae1e 5a6a | 0200 004c | 8954 2408 | 48c7 0424 | ffff ffff 

  0x0000026a25cf5fd8: ;   {runtime_call counter_overflow Runtime1 stub}
  0x0000026a25cf5fd8: e8a3 fc05 

  0x0000026a25cf5fdc: ; ImmutableOopMap {rdx=Oop r9=Oop [152]=Oop [184]=Oop }
                      ;*synchronization entry
                      ; - java.lang.invoke.MethodHandles$Lookup$ClassDefiner::defineClass@-1
  0x0000026a25cf5fdc: 07e9 3cf8 

  0x0000026a25cf5fe0: ;   {runtime_call throw_null_pointer_exception Runtime1 stub}
  0x0000026a25cf5fe0: ffff e819 

  0x0000026a25cf5fe4: ; ImmutableOopMap {rdx=Oop r9=Oop rsi=Oop [144]=Oop [152]=Oop [184]=Oop }
                      ;*invokevirtual lookupClass {reexecute=0 rethrow=0 return_oop=0}
                      ; - java.lang.invoke.MethodHandles$Lookup$ClassDefiner::defineClass@4
                      ;   {runtime_call throw_null_pointer_exception Runtime1 stub}
  0x0000026a25cf5fe4: c0fc 06e8 

  0x0000026a25cf5fe8: ; ImmutableOopMap {rdx=Oop r9=Oop rsi=Oop rdi=Oop [144]=Oop [152]=Oop [168]=Oop [184]=Oop }
                      ;*invokevirtual getClassLoader {reexecute=0 rethrow=0 return_oop=0}
                      ; - java.lang.invoke.MethodHandles$Lookup$ClassDefiner::defineClass@9
  0x0000026a25cf5fe8: 14c0 fc06 

  0x0000026a25cf5fec: ;   {metadata({method} {0x0000026a5a468e60} 'getClassLoader' '()Ljava/lang/ClassLoader;' in 'java/lang/Class')}
  0x0000026a25cf5fec: 49ba 588e | 465a 6a02 | 0000 4c89 | 5424 0848 | c704 24ff 

  0x0000026a25cf6000: ;   {runtime_call counter_overflow Runtime1 stub}
  0x0000026a25cf6000: ffff ffe8 

  0x0000026a25cf6004: ; ImmutableOopMap {rdx=Oop r9=Oop rsi=Oop rdi=Oop [144]=Oop [152]=Oop [168]=Oop [184]=Oop }
                      ;*synchronization entry
                      ; - java.lang.Class::getClassLoader@-1
                      ; - java.lang.invoke.MethodHandles$Lookup$ClassDefiner::defineClass@9
  0x0000026a25cf6004: 78fc 0507 | e985 f8ff 

  0x0000026a25cf600c: ;   {metadata({method} {0x0000026a5a01b1d0} 'getSecurityManager' '()Ljava/lang/SecurityManager;' in 'java/lang/System')}
  0x0000026a25cf600c: ff49 bac8 | b101 5a6a | 0200 004c | 8954 2408 | 48c7 0424 | ffff ffff 

  0x0000026a25cf6024: ;   {runtime_call counter_overflow Runtime1 stub}
  0x0000026a25cf6024: e857 fc05 

  0x0000026a25cf6028: ; ImmutableOopMap {rdx=Oop r9=Oop rsi=Oop rdi=Oop rbx=Oop [144]=Oop [152]=Oop [168]=Oop [184]=Oop }
                      ;*synchronization entry
                      ; - java.lang.System::getSecurityManager@-1
                      ; - java.lang.Class::getClassLoader@11
                      ; - java.lang.invoke.MethodHandles$Lookup$ClassDefiner::defineClass@9
  0x0000026a25cf6028: 07e9 e2f8 

  0x0000026a25cf602c: ;   {metadata({method} {0x0000026a5a01b2e8} 'allowSecurityManager' '()Z' in 'java/lang/System')}
  0x0000026a25cf602c: ffff 49ba | e0b2 015a | 6a02 0000 | 4c89 5424 | 0848 c704 | 24ff ffff 

  0x0000026a25cf6044: ;   {runtime_call counter_overflow Runtime1 stub}
  0x0000026a25cf6044: ffe8 36fc 

  0x0000026a25cf6048: ; ImmutableOopMap {rdx=Oop r9=Oop rsi=Oop rdi=Oop rbx=Oop [144]=Oop [152]=Oop [168]=Oop [184]=Oop }
                      ;*synchronization entry
                      ; - java.lang.System::allowSecurityManager@-1
                      ; - java.lang.System::getSecurityManager@0
                      ; - java.lang.Class::getClassLoader@11
                      ; - java.lang.invoke.MethodHandles$Lookup$ClassDefiner::defineClass@9
  0x0000026a25cf6048: 0507 e9fa 

  0x0000026a25cf604c: ;   {metadata({method} {0x0000026a5a3e0578} 'lookupClassProtectionDomain' '()Ljava/security/ProtectionDomain;' in 'java/lang/invoke/MethodHandles$Lookup')}
  0x0000026a25cf604c: f8ff ff49 | ba70 053e | 5a6a 0200 | 004c 8954 | 2408 48c7 | 0424 ffff 

  0x0000026a25cf6064: ;   {runtime_call counter_overflow Runtime1 stub}
  0x0000026a25cf6064: ffff e815 

  0x0000026a25cf6068: ; ImmutableOopMap {rdx=Oop r9=Oop rsi=Oop rdi=Oop rbx=Oop [144]=Oop [152]=Oop [168]=Oop [184]=Oop }
                      ;*synchronization entry
                      ; - java.lang.invoke.MethodHandles$Lookup::lookupClassProtectionDomain@-1
                      ; - java.lang.invoke.MethodHandles$Lookup$ClassDefiner::defineClass@23
  0x0000026a25cf6068: fc05 07e9 | 74f9 ffff 

  0x0000026a25cf6070: ;   {metadata({method} {0x0000026a5a473b88} 'getJavaLangAccess' '()Ljdk/internal/access/JavaLangAccess;' in 'jdk/internal/access/SharedSecrets')}
  0x0000026a25cf6070: 49ba 803b | 475a 6a02 | 0000 4c89 | 5424 0848 | c704 24ff 

  0x0000026a25cf6084: ;   {runtime_call counter_overflow Runtime1 stub}
  0x0000026a25cf6084: ffff ffe8 

  0x0000026a25cf6088: ; ImmutableOopMap {rsi=Oop [144]=Oop [152]=Oop [160]=Oop [168]=Oop [184]=Oop }
                      ;*synchronization entry
                      ; - jdk.internal.access.SharedSecrets::getJavaLangAccess@-1
                      ; - java.lang.invoke.MethodHandles$Lookup::lookupClassProtectionDomain@10
                      ; - java.lang.invoke.MethodHandles$Lookup$ClassDefiner::defineClass@23
  0x0000026a25cf6088: f4fb 0507 | e9ca f9ff 

  0x0000026a25cf6090: ;   {runtime_call throw_incompatible_class_change_error Runtime1 stub}
  0x0000026a25cf6090: ffe8 ead1 

  0x0000026a25cf6094: ; ImmutableOopMap {rax=Oop rcx=Oop [144]=Oop [152]=Oop [160]=Oop [168]=Oop [184]=Oop }
                      ;*invokeinterface protectionDomain {reexecute=0 rethrow=0 return_oop=0}
                      ; - java.lang.invoke.MethodHandles$Lookup::lookupClassProtectionDomain@17
                      ; - java.lang.invoke.MethodHandles$Lookup$ClassDefiner::defineClass@23
                      ;   {runtime_call throw_null_pointer_exception Runtime1 stub}
  0x0000026a25cf6094: 0507 e865 

  0x0000026a25cf6098: ; ImmutableOopMap {rax=Oop rcx=Oop [144]=Oop [152]=Oop [160]=Oop [168]=Oop [184]=Oop }
                      ;*invokeinterface protectionDomain {reexecute=0 rethrow=0 return_oop=0}
                      ; - java.lang.invoke.MethodHandles$Lookup::lookupClassProtectionDomain@17
                      ; - java.lang.invoke.MethodHandles$Lookup$ClassDefiner::defineClass@23
                      ;   {metadata({method} {0x0000026a5a0192c8} 'protectionDomain' '(Ljava/lang/Class;)Ljava/security/ProtectionDomain;' in 'java/lang/System$2')}
  0x0000026a25cf6098: bffc 0649 | bac0 9201 | 5a6a 0200 | 004c 8954 | 2408 48c7 | 0424 ffff 

  0x0000026a25cf60b0: ;   {runtime_call counter_overflow Runtime1 stub}
  0x0000026a25cf60b0: ffff e8c9 

  0x0000026a25cf60b4: ; ImmutableOopMap {rcx=Oop [144]=Oop [152]=Oop [160]=Oop [168]=Oop [184]=Oop }
                      ;*synchronization entry
                      ; - java.lang.System$2::protectionDomain@-1
                      ; - java.lang.invoke.MethodHandles$Lookup::lookupClassProtectionDomain@17
                      ; - java.lang.invoke.MethodHandles$Lookup$ClassDefiner::defineClass@23
  0x0000026a25cf60b4: fb05 07e9 | 39fa ffff 

  0x0000026a25cf60bc: ;   {runtime_call throw_null_pointer_exception Runtime1 stub}
  0x0000026a25cf60bc: e83f bffc 

  0x0000026a25cf60c0: ; ImmutableOopMap {rcx=Oop [144]=Oop [152]=Oop [160]=Oop [168]=Oop [184]=Oop }
                      ;*invokevirtual protectionDomain {reexecute=0 rethrow=0 return_oop=0}
                      ; - java.lang.System$2::protectionDomain@1
                      ; - java.lang.invoke.MethodHandles$Lookup::lookupClassProtectionDomain@17
                      ; - java.lang.invoke.MethodHandles$Lookup$ClassDefiner::defineClass@23
                      ;   {metadata({method} {0x0000026a5a467bb8} 'protectionDomain' '()Ljava/security/ProtectionDomain;' in 'java/lang/Class')}
  0x0000026a25cf60c0: 0649 bab0 | 7b46 5a6a | 0200 004c | 8954 2408 | 48c7 0424 | ffff ffff 

  0x0000026a25cf60d8: ;   {runtime_call counter_overflow Runtime1 stub}
  0x0000026a25cf60d8: e8a3 fb05 

  0x0000026a25cf60dc: ; ImmutableOopMap {rcx=Oop [144]=Oop [152]=Oop [160]=Oop [168]=Oop [184]=Oop }
                      ;*synchronization entry
                      ; - java.lang.Class::protectionDomain@-1
                      ; - java.lang.System$2::protectionDomain@1
                      ; - java.lang.invoke.MethodHandles$Lookup::lookupClassProtectionDomain@17
                      ; - java.lang.invoke.MethodHandles$Lookup$ClassDefiner::defineClass@23
  0x0000026a25cf60dc: 07e9 51fa 

  0x0000026a25cf60e0: ;   {oop(nullptr)}
  0x0000026a25cf60e0: ffff 49b8 | 0000 0000 | 0000 0000 | 5053 498b | 5810 5756 | 5251 4150 | 4151 4152 | 4153 4883 
  0x0000026a25cf6100: ec20 40f6 | c40f 0f84 | 1900 0000 | 4883 ec08 

  0x0000026a25cf6110: ;   {runtime_call}
  0x0000026a25cf6110: 48b8 a0a0 | 02e2 fe7f | 0000 ffd0 | 4883 c408 | e90c 0000 

  0x0000026a25cf6124: ;   {runtime_call}
  0x0000026a25cf6124: 0048 b8a0 | a002 e2fe | 7f00 00ff | d048 83c4 | 2041 5b41 | 5a41 5941 | 5859 5a5e | 5f48 3b83 
  0x0000026a25cf6144: 3801 0000 | 5b58 0f85 | 0a00 0000 | e945 faff | ffb8 0078 

  0x0000026a25cf6158: ;   {runtime_call load_mirror_patching Runtime1 stub}
  0x0000026a25cf6158: 6e0a e821 

  0x0000026a25cf615c: ; ImmutableOopMap {[144]=Oop [152]=Oop [160]=Oop [168]=Oop [184]=Oop }
                      ;*getstatic allPermDomain {reexecute=1 rethrow=0 return_oop=0}
                      ; - (reexecute) java.lang.Class::protectionDomain@9
                      ; - java.lang.System$2::protectionDomain@1
                      ; - java.lang.invoke.MethodHandles$Lookup::lookupClassProtectionDomain@17
                      ; - java.lang.invoke.MethodHandles$Lookup$ClassDefiner::defineClass@23
  0x0000026a25cf615c: ef05 07e9 | 2cfa ffff 

  0x0000026a25cf6164: ;   {runtime_call throw_null_pointer_exception Runtime1 stub}
  0x0000026a25cf6164: e897 befc 

  0x0000026a25cf6168: ; ImmutableOopMap {r8=Oop [144]=Oop [152]=Oop [160]=Oop [168]=Oop [184]=Oop }
                      ;*getstatic allPermDomain {reexecute=1 rethrow=0 return_oop=0}
                      ; - (reexecute) java.lang.Class::protectionDomain@9
                      ; - java.lang.System$2::protectionDomain@1
                      ; - java.lang.invoke.MethodHandles$Lookup::lookupClassProtectionDomain@17
                      ; - java.lang.invoke.MethodHandles$Lookup$ClassDefiner::defineClass@23
  0x0000026a25cf6168: 0645 8b80 | 0000 0000 | b800 0c05 

  0x0000026a25cf6174: ;   {runtime_call access_field_patching Runtime1 stub}
  0x0000026a25cf6174: 07e8 06e6 

  0x0000026a25cf6178: ; ImmutableOopMap {r8=Oop [144]=Oop [152]=Oop [160]=Oop [168]=Oop [184]=Oop }
                      ;*getstatic allPermDomain {reexecute=1 rethrow=0 return_oop=0}
                      ; - (reexecute) java.lang.Class::protectionDomain@9
                      ; - java.lang.System$2::protectionDomain@1
                      ; - java.lang.invoke.MethodHandles$Lookup::lookupClassProtectionDomain@17
                      ; - java.lang.invoke.MethodHandles$Lookup$ClassDefiner::defineClass@23
  0x0000026a25cf6178: 0507 e921 

  0x0000026a25cf617c: ;   {metadata({method} {0x0000026a5a473b88} 'getJavaLangAccess' '()Ljdk/internal/access/JavaLangAccess;' in 'jdk/internal/access/SharedSecrets')}
  0x0000026a25cf617c: faff ff49 | ba80 3b47 | 5a6a 0200 | 004c 8954 | 2408 48c7 | 0424 ffff 

  0x0000026a25cf6194: ;   {runtime_call counter_overflow Runtime1 stub}
  0x0000026a25cf6194: ffff e8e5 

  0x0000026a25cf6198: ; ImmutableOopMap {rax=Oop rdi=Oop rbx=Oop rdx=Oop [152]=Oop [168]=Oop [184]=Oop }
                      ;*synchronization entry
                      ; - jdk.internal.access.SharedSecrets::getJavaLangAccess@-1
                      ; - java.lang.invoke.MethodHandles$Lookup$ClassDefiner::defineClass@35
  0x0000026a25cf6198: fa05 07e9 | c3fa ffff 

  0x0000026a25cf61a0: ;   {runtime_call throw_incompatible_class_change_error Runtime1 stub}
  0x0000026a25cf61a0: e8db d005 

  0x0000026a25cf61a4: ; ImmutableOopMap {rax=Oop rdi=Oop rbx=Oop r14=Oop rsi=Oop rcx=Oop [152]=Oop [168]=Oop [184]=Oop }
                      ;*invokeinterface defineClass {reexecute=0 rethrow=0 return_oop=0}
                      ; - java.lang.invoke.MethodHandles$Lookup$ClassDefiner::defineClass@57
                      ;   {runtime_call throw_null_pointer_exception Runtime1 stub}
  0x0000026a25cf61a4: 07e8 56be 

  0x0000026a25cf61a8: ; ImmutableOopMap {rax=Oop rdi=Oop rbx=Oop r14=Oop rsi=Oop rcx=Oop [152]=Oop [168]=Oop [184]=Oop }
                      ;*invokeinterface defineClass {reexecute=0 rethrow=0 return_oop=0}
                      ; - java.lang.invoke.MethodHandles$Lookup$ClassDefiner::defineClass@57
                      ;   {runtime_call throw_null_pointer_exception Runtime1 stub}
  0x0000026a25cf61a8: fc06 e851 

  0x0000026a25cf61ac: ; ImmutableOopMap {rax=Oop rdx=Oop rsi=Oop [152]=Oop }
                      ;*invokevirtual isEnabled {reexecute=0 rethrow=0 return_oop=0}
                      ; - java.lang.invoke.MethodHandles$Lookup$ClassDefiner::defineClass@105
                      ;   {runtime_call throw_null_pointer_exception Runtime1 stub}
  0x0000026a25cf61ac: befc 06e8 

  0x0000026a25cf61b0: ; ImmutableOopMap {rdx=Oop rax=Oop rsi=Oop [152]=Oop }
                      ;*invokevirtual isEnabled {reexecute=0 rethrow=0 return_oop=0}
                      ; - java.lang.invoke.MethodHandles$Lookup$ClassDefiner::defineClass@162
  0x0000026a25cf61b0: 4cbe fc06 

  0x0000026a25cf61b4: ;   {internal_word}
  0x0000026a25cf61b4: 49ba 1d5f | cf25 6a02 | 0000 4d89 | 9768 0400 

  0x0000026a25cf61c4: ;   {runtime_call SafepointBlob}
  0x0000026a25cf61c4: 00e9 36e9 

  0x0000026a25cf61c8: ;   {internal_word}
  0x0000026a25cf61c8: fa06 49ba | 745f cf25 | 6a02 0000 | 4d89 9768 

  0x0000026a25cf61d8: ;   {runtime_call SafepointBlob}
  0x0000026a25cf61d8: 0400 00e9 | 20e9 fa06 | 498b 8700 | 0500 0049 | c787 0005 | 0000 0000 | 0000 49c7 | 8708 0500 
  0x0000026a25cf61f8: 0000 0000 | 0048 81c4 | e000 0000 

  0x0000026a25cf6204: ;   {runtime_call unwind_exception Runtime1 stub}
  0x0000026a25cf6204: 5de9 f6cc | fc06 f4f4 | f4f4 f4f4 
[Stub Code]
  0x0000026a25cf6210: ;   {no_reloc}
  0x0000026a25cf6210: 0f1f 4400 

  0x0000026a25cf6214: ;   {static_stub}
  0x0000026a25cf6214: 0048 bb00 | 0000 0000 

  0x0000026a25cf621c: ;   {runtime_call nmethod}
  0x0000026a25cf621c: 0000 00e9 | fbff ffff 

  0x0000026a25cf6224: ;   {static_stub}
  0x0000026a25cf6224: 48bb 487b | 465a 6a02 

  0x0000026a25cf622c: ;   {runtime_call I2C/C2I adapters}
  0x0000026a25cf622c: 0000 e9b0 

  0x0000026a25cf6230: ;   {static_stub}
  0x0000026a25cf6230: 79fa 0648 | bb00 0000 | 0000 0000 

  0x0000026a25cf623c: ;   {runtime_call nmethod}
  0x0000026a25cf623c: 00e9 fbff 

  0x0000026a25cf6240: ;   {static_stub}
  0x0000026a25cf6240: ffff 48bb | 0000 0000 | 0000 0000 

  0x0000026a25cf624c: ;   {runtime_call nmethod}
  0x0000026a25cf624c: e9fb ffff 

  0x0000026a25cf6250: ;   {runtime_call handle_exception_from_callee Runtime1 stub}
  0x0000026a25cf6250: ffe8 aa9f 

  0x0000026a25cf6254: ;   {external_word}
  0x0000026a25cf6254: fc06 48b9 | 5063 a2e2 | fe7f 0000 | 4883 e4f0 

  0x0000026a25cf6264: ;   {runtime_call}
  0x0000026a25cf6264: 48b8 c0c9 | 64e2 fe7f | 0000 ffd0 

  0x0000026a25cf6270: ;   {section_word}
  0x0000026a25cf6270: f449 ba71 | 62cf 256a | 0200 0041 

  0x0000026a25cf627c: ;   {runtime_call DeoptimizationBlob}
  0x0000026a25cf627c: 52e9 1edb | fa06 f4f4 | f4f4 f4f4 
[/MachCode]


---------------  P R O C E S S  ---------------

Threads class SMR info:
_java_thread_list=0x0000026aa28b94e0, length=45, elements={
0x0000026a2252d9b0, 0x0000026a225de880, 0x0000026a22148d40, 0x0000026a2214af90,
0x0000026a2214dec0, 0x0000026a2214ee00, 0x0000026a22150c70, 0x0000026a22153ac0,
0x0000026a221c88a0, 0x0000026a9b921350, 0x0000026a9b9e42e0, 0x0000026aa03a07b0,
0x0000026aa04c9550, 0x0000026aa02354f0, 0x0000026aa0235f30, 0x0000026aa079aae0,
0x0000026aa0d78110, 0x0000026aa0dfa330, 0x0000026aa01d0e50, 0x0000026aa01d0130,
0x0000026aa01d14e0, 0x0000026aa01ce060, 0x0000026aa01cfaa0, 0x0000026aa01ce6f0,
0x0000026aa01ced80, 0x0000026aa01d07c0, 0x0000026aa01cf410, 0x0000026aa3051940,
0x0000026aa3050c20, 0x0000026aa3050590, 0x0000026aa30512b0, 0x0000026aa3052660,
0x0000026aa3052cf0, 0x0000026aa304ff00, 0x0000026aa3055ae0, 0x0000026aa3056e90,
0x0000026aa3055450, 0x0000026aa3054730, 0x0000026aa30540a0, 0x0000026aa3056170,
0x0000026aa3054dc0, 0x0000026aa3056800, 0x0000026aa3057520, 0x0000026aa2aed060,
0x0000026aa2aed6f0
}

Java Threads: ( => current thread )
  0x0000026a2252d9b0 JavaThread "main"                              [_thread_blocked, id=7512, stack(0x000000c709800000,0x000000c709900000) (1024K)]
  0x0000026a225de880 JavaThread "Reference Handler"          daemon [_thread_blocked, id=13684, stack(0x000000c709c00000,0x000000c709d00000) (1024K)]
  0x0000026a22148d40 JavaThread "Finalizer"                  daemon [_thread_blocked, id=9128, stack(0x000000c709d00000,0x000000c709e00000) (1024K)]
  0x0000026a2214af90 JavaThread "Signal Dispatcher"          daemon [_thread_blocked, id=4996, stack(0x000000c709e00000,0x000000c709f00000) (1024K)]
  0x0000026a2214dec0 JavaThread "Attach Listener"            daemon [_thread_blocked, id=9892, stack(0x000000c709f00000,0x000000c70a000000) (1024K)]
  0x0000026a2214ee00 JavaThread "Service Thread"             daemon [_thread_blocked, id=15924, stack(0x000000c70a000000,0x000000c70a100000) (1024K)]
  0x0000026a22150c70 JavaThread "Monitor Deflation Thread"   daemon [_thread_blocked, id=5712, stack(0x000000c70a100000,0x000000c70a200000) (1024K)]
  0x0000026a22153ac0 JavaThread "C2 CompilerThread0"         daemon [_thread_in_native, id=16956, stack(0x000000c70a200000,0x000000c70a300000) (1024K)]
  0x0000026a221c88a0 JavaThread "C1 CompilerThread0"         daemon [_thread_blocked, id=18192, stack(0x000000c70a300000,0x000000c70a400000) (1024K)]
  0x0000026a9b921350 JavaThread "Common-Cleaner"             daemon [_thread_blocked, id=18308, stack(0x000000c70a400000,0x000000c70a500000) (1024K)]
  0x0000026a9b9e42e0 JavaThread "Notification Thread"        daemon [_thread_blocked, id=8796, stack(0x000000c70a500000,0x000000c70a600000) (1024K)]
  0x0000026aa03a07b0 JavaThread "Active Thread: Equinox Container: 3f0c32d7-58a6-4ea7-85f3-c0e2a5df5543"        [_thread_blocked, id=8876, stack(0x000000c70a900000,0x000000c70aa00000) (1024K)]
  0x0000026aa04c9550 JavaThread "Refresh Thread: Equinox Container: 3f0c32d7-58a6-4ea7-85f3-c0e2a5df5543" daemon [_thread_blocked, id=14216, stack(0x000000c70aa00000,0x000000c70ab00000) (1024K)]
  0x0000026aa02354f0 JavaThread "Framework Event Dispatcher: Equinox Container: 3f0c32d7-58a6-4ea7-85f3-c0e2a5df5543" daemon [_thread_blocked, id=15260, stack(0x000000c70ab00000,0x000000c70ac00000) (1024K)]
  0x0000026aa0235f30 JavaThread "Start Level: Equinox Container: 3f0c32d7-58a6-4ea7-85f3-c0e2a5df5543" daemon [_thread_blocked, id=5520, stack(0x000000c70ac00000,0x000000c70ad00000) (1024K)]
  0x0000026aa079aae0 JavaThread "Bundle File Closer"         daemon [_thread_blocked, id=6392, stack(0x000000c70ad00000,0x000000c70ae00000) (1024K)]
  0x0000026aa0d78110 JavaThread "SCR Component Actor"        daemon [_thread_blocked, id=14420, stack(0x000000c70ae00000,0x000000c70af00000) (1024K)]
  0x0000026aa0dfa330 JavaThread "Worker-JM"                         [_thread_blocked, id=10200, stack(0x000000c70af00000,0x000000c70b000000) (1024K)]
  0x0000026aa01d0e50 JavaThread "JNA Cleaner"                daemon [_thread_blocked, id=12984, stack(0x000000c70b000000,0x000000c70b100000) (1024K)]
  0x0000026aa01d0130 JavaThread "Worker-0"                          [_thread_blocked, id=14592, stack(0x000000c70b100000,0x000000c70b200000) (1024K)]
  0x0000026aa01d14e0 JavaThread "Worker-1"                          [_thread_blocked, id=9364, stack(0x000000c70b200000,0x000000c70b300000) (1024K)]
  0x0000026aa01ce060 JavaThread "Worker-2"                          [_thread_blocked, id=3548, stack(0x000000c70b300000,0x000000c70b400000) (1024K)]
  0x0000026aa01cfaa0 JavaThread "Java indexing"              daemon [_thread_blocked, id=16840, stack(0x000000c70b400000,0x000000c70b500000) (1024K)]
  0x0000026aa01ce6f0 JavaThread "Worker-3"                          [_thread_blocked, id=17792, stack(0x000000c70b700000,0x000000c70b800000) (1024K)]
  0x0000026aa01ced80 JavaThread "Worker-4"                          [_thread_blocked, id=7028, stack(0x000000c70b800000,0x000000c70b900000) (1024K)]
  0x0000026aa01d07c0 JavaThread "pool-2-thread-1"                   [_thread_blocked, id=8296, stack(0x000000c70b900000,0x000000c70ba00000) (1024K)]
  0x0000026aa01cf410 JavaThread "WorkspaceEventsHandler"            [_thread_blocked, id=14280, stack(0x000000c70ba00000,0x000000c70bb00000) (1024K)]
  0x0000026aa3051940 JavaThread "pool-1-thread-1"                   [_thread_in_native, id=1632, stack(0x000000c70bb00000,0x000000c70bc00000) (1024K)]
  0x0000026aa3050c20 JavaThread "ForkJoinPool.commonPool-worker-1" daemon [_thread_in_vm, id=3128, stack(0x000000c70bc00000,0x000000c70bd00000) (1024K)]
  0x0000026aa3050590 JavaThread "ForkJoinPool.commonPool-worker-2" daemon [_thread_blocked, id=14020, stack(0x000000c70bd00000,0x000000c70be00000) (1024K)]
=>0x0000026aa30512b0 JavaThread "ForkJoinPool.commonPool-worker-3" daemon [_thread_in_vm, id=14132, stack(0x000000c70be00000,0x000000c70bf00000) (1024K)]
  0x0000026aa3052660 JavaThread "Worker-5"                          [_thread_blocked, id=1724, stack(0x000000c70bf00000,0x000000c70c000000) (1024K)]
  0x0000026aa3052cf0 JavaThread "PatternSearchJob-worker-1"  daemon [_thread_blocked, id=16340, stack(0x000000c70c000000,0x000000c70c100000) (1024K)]
  0x0000026aa304ff00 JavaThread "Worker-6"                          [_thread_blocked, id=3256, stack(0x000000c70c100000,0x000000c70c200000) (1024K)]
  0x0000026aa3055ae0 JavaThread "LocalFile Deleter"          daemon [_thread_blocked, id=11052, stack(0x000000c70c200000,0x000000c70c300000) (1024K)]
  0x0000026aa3056e90 JavaThread "LocalFile Deleter"          daemon [_thread_blocked, id=12888, stack(0x000000c70c300000,0x000000c70c400000) (1024K)]
  0x0000026aa3055450 JavaThread "LocalFile Deleter"          daemon [_thread_blocked, id=10272, stack(0x000000c70c400000,0x000000c70c500000) (1024K)]
  0x0000026aa3054730 JavaThread "LocalFile Deleter"          daemon [_thread_blocked, id=14048, stack(0x000000c70c500000,0x000000c70c600000) (1024K)]
  0x0000026aa30540a0 JavaThread "Compiler Source File Reader" daemon [_thread_blocked, id=3316, stack(0x000000c70c600000,0x000000c70c700000) (1024K)]
  0x0000026aa3056170 JavaThread "Compiler Source File Reader" daemon [_thread_blocked, id=13988, stack(0x000000c70c700000,0x000000c70c800000) (1024K)]
  0x0000026aa3054dc0 JavaThread "PatternSearchJob-worker-2"  daemon [_thread_blocked, id=11348, stack(0x000000c70c800000,0x000000c70c900000) (1024K)]
  0x0000026aa3056800 JavaThread "PatternSearchJob-worker-3"  daemon [_thread_blocked, id=108, stack(0x000000c70c900000,0x000000c70ca00000) (1024K)]
  0x0000026aa3057520 JavaThread "Compiler Processing Task"   daemon [_thread_blocked, id=18544, stack(0x000000c709600000,0x000000c709700000) (1024K)]
  0x0000026aa2aed060 JavaThread "Compiler Class File Writer" daemon [_thread_blocked, id=17808, stack(0x000000c709700000,0x000000c709800000) (1024K)]
  0x0000026aa2aed6f0 JavaThread "Compiler Class File Writer" daemon [_thread_blocked, id=17108, stack(0x000000c70ca00000,0x000000c70cb00000) (1024K)]
Total: 45

Other Threads:
  0x0000026a225c4ec0 VMThread "VM Thread"                           [id=9400, stack(0x000000c709b00000,0x000000c709c00000) (1024K)] _threads_hazard_ptr=0x0000026aa28b94e0
  0x0000026a220dca00 WatcherThread "VM Periodic Task Thread"        [id=10676, stack(0x000000c709a00000,0x000000c709b00000) (1024K)]
  0x0000026a22545c40 WorkerThread "GC Thread#0"                     [id=10800, stack(0x000000c709900000,0x000000c709a00000) (1024K)]
  0x0000026aa0069b60 WorkerThread "GC Thread#1"                     [id=16540, stack(0x000000c70a600000,0x000000c70a700000) (1024K)]
  0x0000026aa0430540 WorkerThread "GC Thread#2"                     [id=2968, stack(0x000000c70a700000,0x000000c70a800000) (1024K)]
  0x0000026aa04308f0 WorkerThread "GC Thread#3"                     [id=2072, stack(0x000000c70a800000,0x000000c70a900000) (1024K)]
Total: 6

Threads with active compile tasks:
C2 CompilerThread0  94498 12399       4       org.eclipse.jdt.internal.compiler.parser.Parser::consumeRule (7843 bytes)
Total: 1

VM state: synchronizing (normal execution)

VM Mutex/Monitor currently owned by a thread:  ([mutex/lock_event])
[0x00007ffee2cdd530] Metaspace_lock - owner thread: 0x0000026aa30512b0
[0x00007ffee2cdf5b0] Threads_lock - owner thread: 0x0000026a225c4ec0

OutOfMemory and StackOverflow Exception counts:
OutOfMemoryError java_heap_errors=1
LinkageErrors=138

Heap address: 0x0000000400000000, size: 16384 MB, Compressed Oops mode: Zero based, Oop shift amount: 3

CDS archive(s) mapped at: [0x0000026a5a000000-0x0000026a5aba0000-0x0000026a5aba0000), size 12189696, SharedBaseAddress: 0x0000026a5a000000, ArchiveRelocationMode: 1.
Compressed class space mapped at: 0x0000026a5b000000-0x0000026a9b000000, reserved size: 1073741824
Narrow klass base: 0x0000026a5a000000, Narrow klass shift: 0, Narrow klass range: 0x100000000

GC Precious Log:
 CardTable entry size: 512
 CPUs: 4 total, 4 available
 Memory: 3522M
 Large Page Support: Disabled
 NUMA Support: Disabled
 Compressed Oops: Enabled (Zero based)
 Alignments: Space 512K, Generation 512K, Heap 2M
 Heap Min Capacity: 100M
 Heap Initial Capacity: 100M
 Heap Max Capacity: 16G
 Pre-touch: Disabled
 Parallel Workers: 4

Heap:
 PSYoungGen      total 15872K, used 5477K [0x00000006aab00000, 0x00000006abf00000, 0x0000000800000000)
  eden space 14848K, 30% used [0x00000006aab00000,0x00000006aaf6ad58,0x00000006ab980000)
  from space 1024K, 93% used [0x00000006abe00000,0x00000006abeee900,0x00000006abf00000)
  to   space 1024K, 0% used [0x00000006abd00000,0x00000006abd00000,0x00000006abe00000)
 ParOldGen       total 91136K, used 91126K [0x0000000400000000, 0x0000000405900000, 0x00000006aab00000)
  object space 91136K, 99% used [0x0000000400000000,0x00000004058fdb78,0x0000000405900000)
 Metaspace       used 67301K, committed 68800K, reserved 1114112K
  class space    used 7065K, committed 7744K, reserved 1048576K

Card table byte_map: [0x0000026a34720000,0x0000026a36730000] _byte_map_base: 0x0000026a32720000

Marking Bits: (ParMarkBitMap*) 0x00007ffee2ce44a0
 Begin Bits: [0x0000026a37c90000, 0x0000026a47c90000)
 End Bits:   [0x0000026a47c90000, 0x0000026a57c90000)

Polling page: 0x0000026a205f0000

Metaspace:

Usage:
  Non-class:     58.82 MB used.
      Class:      6.90 MB used.
       Both:     65.72 MB used.

Virtual space:
  Non-class space:       64.00 MB reserved,      59.62 MB ( 93%) committed,  1 nodes.
      Class space:        1.00 GB reserved,       7.56 MB ( <1%) committed,  1 nodes.
             Both:        1.06 GB reserved,      67.19 MB (  6%) committed. 

Chunk freelists:
   Non-Class:  3.81 MB
       Class:  8.43 MB
        Both:  12.25 MB

MaxMetaspaceSize: unlimited
CompressedClassSpaceSize: 1.00 GB
Initial GC threshold: 21.00 MB
Current GC threshold: 97.31 MB
CDS: on
 - commit_granule_bytes: 65536.
 - commit_granule_words: 8192.
 - virtual_space_node_default_size: 8388608.
 - enlarge_chunks_in_place: 1.
 - use_allocation_guard: 0.


Internal statistics:

num_allocs_failed_limit: 9.
num_arena_births: 1262.
num_arena_deaths: 14.
num_vsnodes_births: 2.
num_vsnodes_deaths: 0.
num_space_committed: 1075.
num_space_uncommitted: 0.
num_chunks_returned_to_freelist: 23.
num_chunks_taken_from_freelist: 4586.
num_chunk_merges: 15.
num_chunk_splits: 2721.
num_chunks_enlarged: 1389.
num_inconsistent_stats: 0.

CodeHeap 'non-profiled nmethods': size=120000Kb used=7785Kb max_used=7785Kb free=112214Kb
 bounds [0x0000026a2d1f0000, 0x0000026a2d990000, 0x0000026a34720000]
CodeHeap 'profiled nmethods': size=120000Kb used=27634Kb max_used=27634Kb free=92365Kb
 bounds [0x0000026a25720000, 0x0000026a27220000, 0x0000026a2cc50000]
CodeHeap 'non-nmethods': size=5760Kb used=1444Kb max_used=1522Kb free=4315Kb
 bounds [0x0000026a2cc50000, 0x0000026a2cec0000, 0x0000026a2d1f0000]
CodeCache: size=245760Kb, used=36863Kb, max_used=36941Kb, free=208894Kb
 total_blobs=12467, nmethods=11709, adapters=663, full_count=0
Compilation: enabled, stopped_count=0, restarted_count=0

Compilation events (20 events):
Event: 93.879 Thread 0x0000026a221c88a0 12386       3       org.eclipse.jdt.internal.compiler.parser.Parser::consumeModifiers2 (31 bytes)
Event: 93.879 Thread 0x0000026a221c88a0 nmethod 12386 0x0000026a27213290 code [0x0000026a27213440, 0x0000026a272135b0]
Event: 93.885 Thread 0x0000026a221c88a0 12390       3       java.lang.Throwable$WrappedPrintWriter::println (9 bytes)
Event: 93.885 Thread 0x0000026a221c88a0 nmethod 12390 0x0000026a27213690 code [0x0000026a27213840, 0x0000026a27213a10]
Event: 93.886 Thread 0x0000026a221c88a0 12392 %     3       java.lang.StringCoding::implEncodeAsciiArray @ 3 (47 bytes)
Event: 93.886 Thread 0x0000026a221c88a0 nmethod 12392% 0x0000026a27213b10 code [0x0000026a27213cc0, 0x0000026a27213ff0]
Event: 93.886 Thread 0x0000026a221c88a0 12391   !   3       java.io.PrintWriter::println (87 bytes)
Event: 93.888 Thread 0x0000026a221c88a0 nmethod 12391 0x0000026a27214190 code [0x0000026a27214520, 0x0000026a27216140]
Event: 93.889 Thread 0x0000026a22153ac0 nmethod 12384 0x0000026a2d987a10 code [0x0000026a2d987c00, 0x0000026a2d9883f0]
Event: 93.890 Thread 0x0000026a22153ac0 12388   !   4       org.eclipse.jdt.internal.compiler.parser.Scanner::getNextToken0 (3068 bytes)
Event: 93.893 Thread 0x0000026a221c88a0 12393       3       java.lang.StackTraceElement::equals (120 bytes)
Event: 93.894 Thread 0x0000026a221c88a0 nmethod 12393 0x0000026a27216b10 code [0x0000026a27216d80, 0x0000026a27217970]
Event: 93.901 Thread 0x0000026a221c88a0 12394       3       org.eclipse.jdt.internal.compiler.ast.MethodDeclaration::traverse (269 bytes)
Event: 93.904 Thread 0x0000026a221c88a0 nmethod 12394 0x0000026a27217c10 code [0x0000026a27217ec0, 0x0000026a27218ea0]
Event: 93.904 Thread 0x0000026a221c88a0 12396       3       lombok.eclipse.handlers.EclipseHandlerUtil::typeMatches (10 bytes)
Event: 93.905 Thread 0x0000026a221c88a0 nmethod 12396 0x0000026a27219490 code [0x0000026a27219660, 0x0000026a27219880]
Event: 93.905 Thread 0x0000026a221c88a0 12395       3       org.eclipse.jdt.internal.compiler.ASTVisitor::endVisit (1 bytes)
Event: 93.905 Thread 0x0000026a221c88a0 nmethod 12395 0x0000026a27219990 code [0x0000026a27219b20, 0x0000026a27219c28]
Event: 93.906 Thread 0x0000026a221c88a0 12397       3       org.eclipse.jdt.internal.compiler.lookup.LookupEnvironment$CompleteTypeBindingsSteps::values (22 bytes)
Event: 93.906 Thread 0x0000026a221c88a0 nmethod 12397 0x0000026a27219c90 code [0x0000026a27219e40, 0x0000026a2721a078]

GC Heap History (20 events):
Event: 83.091 GC heap before
{Heap before GC invocations=82 (full 3):
 PSYoungGen      total 15872K, used 15872K [0x00000006aab00000, 0x00000006ac280000, 0x0000000800000000)
  eden space 14848K, 100% used [0x00000006aab00000,0x00000006ab980000,0x00000006ab980000)
  from space 1024K, 100% used [0x00000006ac180000,0x00000006ac280000,0x00000006ac280000)
  to   space 3072K, 0% used [0x00000006abc80000,0x00000006abc80000,0x00000006abf80000)
 ParOldGen       total 81408K, used 80980K [0x0000000400000000, 0x0000000404f80000, 0x00000006aab00000)
  object space 81408K, 99% used [0x0000000400000000,0x0000000404f15220,0x0000000404f80000)
 Metaspace       used 65263K, committed 66688K, reserved 1114112K
  class space    used 6905K, committed 7552K, reserved 1048576K
}
Event: 83.099 GC heap after
{Heap after GC invocations=82 (full 3):
 PSYoungGen      total 17920K, used 1664K [0x00000006aab00000, 0x00000006ac200000, 0x0000000800000000)
  eden space 14848K, 0% used [0x00000006aab00000,0x00000006aab00000,0x00000006ab980000)
  from space 3072K, 54% used [0x00000006abc80000,0x00000006abe20000,0x00000006abf80000)
  to   space 2048K, 0% used [0x00000006ac000000,0x00000006ac000000,0x00000006ac200000)
 ParOldGen       total 82432K, used 81972K [0x0000000400000000, 0x0000000405080000, 0x00000006aab00000)
  object space 82432K, 99% used [0x0000000400000000,0x000000040500d220,0x0000000405080000)
 Metaspace       used 65263K, committed 66688K, reserved 1114112K
  class space    used 6905K, committed 7552K, reserved 1048576K
}
Event: 85.843 GC heap before
{Heap before GC invocations=83 (full 3):
 PSYoungGen      total 17920K, used 16512K [0x00000006aab00000, 0x00000006ac200000, 0x0000000800000000)
  eden space 14848K, 100% used [0x00000006aab00000,0x00000006ab980000,0x00000006ab980000)
  from space 3072K, 54% used [0x00000006abc80000,0x00000006abe20000,0x00000006abf80000)
  to   space 2048K, 0% used [0x00000006ac000000,0x00000006ac000000,0x00000006ac200000)
 ParOldGen       total 82432K, used 81972K [0x0000000400000000, 0x0000000405080000, 0x00000006aab00000)
  object space 82432K, 99% used [0x0000000400000000,0x000000040500d220,0x0000000405080000)
 Metaspace       used 65400K, committed 66816K, reserved 1114112K
  class space    used 6905K, committed 7552K, reserved 1048576K
}
Event: 85.847 GC heap after
{Heap after GC invocations=83 (full 3):
 PSYoungGen      total 16384K, used 1248K [0x00000006aab00000, 0x00000006ac180000, 0x0000000800000000)
  eden space 14848K, 0% used [0x00000006aab00000,0x00000006aab00000,0x00000006ab980000)
  from space 1536K, 81% used [0x00000006ac000000,0x00000006ac138000,0x00000006ac180000)
  to   space 1536K, 0% used [0x00000006abe80000,0x00000006abe80000,0x00000006ac000000)
 ParOldGen       total 83456K, used 83452K [0x0000000400000000, 0x0000000405180000, 0x00000006aab00000)
  object space 83456K, 99% used [0x0000000400000000,0x000000040517f030,0x0000000405180000)
 Metaspace       used 65400K, committed 66816K, reserved 1114112K
  class space    used 6905K, committed 7552K, reserved 1048576K
}
Event: 87.299 GC heap before
{Heap before GC invocations=84 (full 3):
 PSYoungGen      total 16384K, used 16096K [0x00000006aab00000, 0x00000006ac180000, 0x0000000800000000)
  eden space 14848K, 100% used [0x00000006aab00000,0x00000006ab980000,0x00000006ab980000)
  from space 1536K, 81% used [0x00000006ac000000,0x00000006ac138000,0x00000006ac180000)
  to   space 1536K, 0% used [0x00000006abe80000,0x00000006abe80000,0x00000006ac000000)
 ParOldGen       total 83456K, used 83452K [0x0000000400000000, 0x0000000405180000, 0x00000006aab00000)
  object space 83456K, 99% used [0x0000000400000000,0x000000040517f030,0x0000000405180000)
 Metaspace       used 65694K, committed 67136K, reserved 1114112K
  class space    used 6936K, committed 7552K, reserved 1048576K
}
Event: 87.305 GC heap after
{Heap after GC invocations=84 (full 3):
 PSYoungGen      total 16384K, used 1504K [0x00000006aab00000, 0x00000006ac080000, 0x0000000800000000)
  eden space 14848K, 0% used [0x00000006aab00000,0x00000006aab00000,0x00000006ab980000)
  from space 1536K, 97% used [0x00000006abe80000,0x00000006abff8000,0x00000006ac000000)
  to   space 512K, 0% used [0x00000006ac000000,0x00000006ac000000,0x00000006ac080000)
 ParOldGen       total 84992K, used 84540K [0x0000000400000000, 0x0000000405300000, 0x00000006aab00000)
  object space 84992K, 99% used [0x0000000400000000,0x000000040528f030,0x0000000405300000)
 Metaspace       used 65694K, committed 67136K, reserved 1114112K
  class space    used 6936K, committed 7552K, reserved 1048576K
}
Event: 88.179 GC heap before
{Heap before GC invocations=85 (full 3):
 PSYoungGen      total 16384K, used 16352K [0x00000006aab00000, 0x00000006ac080000, 0x0000000800000000)
  eden space 14848K, 100% used [0x00000006aab00000,0x00000006ab980000,0x00000006ab980000)
  from space 1536K, 97% used [0x00000006abe80000,0x00000006abff8000,0x00000006ac000000)
  to   space 512K, 0% used [0x00000006ac000000,0x00000006ac000000,0x00000006ac080000)
 ParOldGen       total 84992K, used 84540K [0x0000000400000000, 0x0000000405300000, 0x00000006aab00000)
  object space 84992K, 99% used [0x0000000400000000,0x000000040528f030,0x0000000405300000)
 Metaspace       used 65823K, committed 67200K, reserved 1114112K
  class space    used 6946K, committed 7552K, reserved 1048576K
}
Event: 88.187 GC heap after
{Heap after GC invocations=85 (full 3):
 PSYoungGen      total 15360K, used 512K [0x00000006aab00000, 0x00000006ac080000, 0x0000000800000000)
  eden space 14848K, 0% used [0x00000006aab00000,0x00000006aab00000,0x00000006ab980000)
  from space 512K, 100% used [0x00000006ac000000,0x00000006ac080000,0x00000006ac080000)
  to   space 3584K, 0% used [0x00000006ab980000,0x00000006ab980000,0x00000006abd00000)
 ParOldGen       total 87552K, used 87075K [0x0000000400000000, 0x0000000405580000, 0x00000006aab00000)
  object space 87552K, 99% used [0x0000000400000000,0x0000000405508c70,0x0000000405580000)
 Metaspace       used 65823K, committed 67200K, reserved 1114112K
  class space    used 6946K, committed 7552K, reserved 1048576K
}
Event: 89.399 GC heap before
{Heap before GC invocations=86 (full 3):
 PSYoungGen      total 15360K, used 15360K [0x00000006aab00000, 0x00000006ac080000, 0x0000000800000000)
  eden space 14848K, 100% used [0x00000006aab00000,0x00000006ab980000,0x00000006ab980000)
  from space 512K, 100% used [0x00000006ac000000,0x00000006ac080000,0x00000006ac080000)
  to   space 3584K, 0% used [0x00000006ab980000,0x00000006ab980000,0x00000006abd00000)
 ParOldGen       total 87552K, used 87075K [0x0000000400000000, 0x0000000405580000, 0x00000006aab00000)
  object space 87552K, 99% used [0x0000000400000000,0x0000000405508c70,0x0000000405580000)
 Metaspace       used 66053K, committed 67456K, reserved 1114112K
  class space    used 6947K, committed 7552K, reserved 1048576K
}
Event: 89.405 GC heap after
{Heap after GC invocations=86 (full 3):
 PSYoungGen      total 18432K, used 896K [0x00000006aab00000, 0x00000006ac080000, 0x0000000800000000)
  eden space 14848K, 0% used [0x00000006aab00000,0x00000006aab00000,0x00000006ab980000)
  from space 3584K, 25% used [0x00000006ab980000,0x00000006aba60000,0x00000006abd00000)
  to   space 2048K, 0% used [0x00000006abe80000,0x00000006abe80000,0x00000006ac080000)
 ParOldGen       total 88064K, used 87595K [0x0000000400000000, 0x0000000405600000, 0x00000006aab00000)
  object space 88064K, 99% used [0x0000000400000000,0x000000040558ac70,0x0000000405600000)
 Metaspace       used 66053K, committed 67456K, reserved 1114112K
  class space    used 6947K, committed 7552K, reserved 1048576K
}
Event: 89.741 GC heap before
{Heap before GC invocations=87 (full 3):
 PSYoungGen      total 18432K, used 15744K [0x00000006aab00000, 0x00000006ac080000, 0x0000000800000000)
  eden space 14848K, 100% used [0x00000006aab00000,0x00000006ab980000,0x00000006ab980000)
  from space 3584K, 25% used [0x00000006ab980000,0x00000006aba60000,0x00000006abd00000)
  to   space 2048K, 0% used [0x00000006abe80000,0x00000006abe80000,0x00000006ac080000)
 ParOldGen       total 88064K, used 87595K [0x0000000400000000, 0x0000000405600000, 0x00000006aab00000)
  object space 88064K, 99% used [0x0000000400000000,0x000000040558ac70,0x0000000405600000)
 Metaspace       used 66145K, committed 67584K, reserved 1114112K
  class space    used 6949K, committed 7552K, reserved 1048576K
}
Event: 89.746 GC heap after
{Heap after GC invocations=87 (full 3):
 PSYoungGen      total 16384K, used 1152K [0x00000006aab00000, 0x00000006ac000000, 0x0000000800000000)
  eden space 14848K, 0% used [0x00000006aab00000,0x00000006aab00000,0x00000006ab980000)
  from space 1536K, 75% used [0x00000006abe80000,0x00000006abfa0000,0x00000006ac000000)
  to   space 1536K, 0% used [0x00000006abd00000,0x00000006abd00000,0x00000006abe80000)
 ParOldGen       total 88576K, used 88318K [0x0000000400000000, 0x0000000405680000, 0x00000006aab00000)
  object space 88576K, 99% used [0x0000000400000000,0x000000040563f8b8,0x0000000405680000)
 Metaspace       used 66145K, committed 67584K, reserved 1114112K
  class space    used 6949K, committed 7552K, reserved 1048576K
}
Event: 90.026 GC heap before
{Heap before GC invocations=88 (full 3):
 PSYoungGen      total 16384K, used 16000K [0x00000006aab00000, 0x00000006ac000000, 0x0000000800000000)
  eden space 14848K, 100% used [0x00000006aab00000,0x00000006ab980000,0x00000006ab980000)
  from space 1536K, 75% used [0x00000006abe80000,0x00000006abfa0000,0x00000006ac000000)
  to   space 1536K, 0% used [0x00000006abd00000,0x00000006abd00000,0x00000006abe80000)
 ParOldGen       total 88576K, used 88318K [0x0000000400000000, 0x0000000405680000, 0x00000006aab00000)
  object space 88576K, 99% used [0x0000000400000000,0x000000040563f8b8,0x0000000405680000)
 Metaspace       used 66239K, committed 67648K, reserved 1114112K
  class space    used 6951K, committed 7552K, reserved 1048576K
}
Event: 90.030 GC heap after
{Heap after GC invocations=88 (full 3):
 PSYoungGen      total 16384K, used 1440K [0x00000006aab00000, 0x00000006abf00000, 0x0000000800000000)
  eden space 14848K, 0% used [0x00000006aab00000,0x00000006aab00000,0x00000006ab980000)
  from space 1536K, 93% used [0x00000006abd00000,0x00000006abe68000,0x00000006abe80000)
  to   space 512K, 0% used [0x00000006abe80000,0x00000006abe80000,0x00000006abf00000)
 ParOldGen       total 89088K, used 89050K [0x0000000400000000, 0x0000000405700000, 0x00000006aab00000)
  object space 89088K, 99% used [0x0000000400000000,0x00000004056f68c8,0x0000000405700000)
 Metaspace       used 66239K, committed 67648K, reserved 1114112K
  class space    used 6951K, committed 7552K, reserved 1048576K
}
Event: 90.239 GC heap before
{Heap before GC invocations=89 (full 3):
 PSYoungGen      total 16384K, used 16288K [0x00000006aab00000, 0x00000006abf00000, 0x0000000800000000)
  eden space 14848K, 100% used [0x00000006aab00000,0x00000006ab980000,0x00000006ab980000)
  from space 1536K, 93% used [0x00000006abd00000,0x00000006abe68000,0x00000006abe80000)
  to   space 512K, 0% used [0x00000006abe80000,0x00000006abe80000,0x00000006abf00000)
 ParOldGen       total 89088K, used 89050K [0x0000000400000000, 0x0000000405700000, 0x00000006aab00000)
  object space 89088K, 99% used [0x0000000400000000,0x00000004056f68c8,0x0000000405700000)
 Metaspace       used 66286K, committed 67712K, reserved 1114112K
  class space    used 6952K, committed 7552K, reserved 1048576K
}
Event: 90.242 GC heap after
{Heap after GC invocations=89 (full 3):
 PSYoungGen      total 15360K, used 512K [0x00000006aab00000, 0x00000006abf00000, 0x0000000800000000)
  eden space 14848K, 0% used [0x00000006aab00000,0x00000006aab00000,0x00000006ab980000)
  from space 512K, 100% used [0x00000006abe80000,0x00000006abf00000,0x00000006abf00000)
  to   space 2048K, 0% used [0x00000006abb00000,0x00000006abb00000,0x00000006abd00000)
 ParOldGen       total 90624K, used 90218K [0x0000000400000000, 0x0000000405880000, 0x00000006aab00000)
  object space 90624K, 99% used [0x0000000400000000,0x000000040581a8c8,0x0000000405880000)
 Metaspace       used 66286K, committed 67712K, reserved 1114112K
  class space    used 6952K, committed 7552K, reserved 1048576K
}
Event: 92.192 GC heap before
{Heap before GC invocations=90 (full 3):
 PSYoungGen      total 15360K, used 15344K [0x00000006aab00000, 0x00000006abf00000, 0x0000000800000000)
  eden space 14848K, 99% used [0x00000006aab00000,0x00000006ab97c1e0,0x00000006ab980000)
  from space 512K, 100% used [0x00000006abe80000,0x00000006abf00000,0x00000006abf00000)
  to   space 2048K, 0% used [0x00000006abb00000,0x00000006abb00000,0x00000006abd00000)
 ParOldGen       total 90624K, used 90218K [0x0000000400000000, 0x0000000405880000, 0x00000006aab00000)
  object space 90624K, 99% used [0x0000000400000000,0x000000040581a8c8,0x0000000405880000)
 Metaspace       used 66713K, committed 68160K, reserved 1114112K
  class space    used 6984K, committed 7616K, reserved 1048576K
}
Event: 92.196 GC heap after
{Heap after GC invocations=90 (full 3):
 PSYoungGen      total 16896K, used 634K [0x00000006aab00000, 0x00000006abf00000, 0x0000000800000000)
  eden space 14848K, 0% used [0x00000006aab00000,0x00000006aab00000,0x00000006ab980000)
  from space 2048K, 30% used [0x00000006abb00000,0x00000006abb9e920,0x00000006abd00000)
  to   space 1024K, 0% used [0x00000006abe00000,0x00000006abe00000,0x00000006abf00000)
 ParOldGen       total 91136K, used 90670K [0x0000000400000000, 0x0000000405900000, 0x00000006aab00000)
  object space 91136K, 99% used [0x0000000400000000,0x000000040588b8d8,0x0000000405900000)
 Metaspace       used 66713K, committed 68160K, reserved 1114112K
  class space    used 6984K, committed 7616K, reserved 1048576K
}
Event: 93.254 GC heap before
{Heap before GC invocations=91 (full 3):
 PSYoungGen      total 16896K, used 15482K [0x00000006aab00000, 0x00000006abf00000, 0x0000000800000000)
  eden space 14848K, 100% used [0x00000006aab00000,0x00000006ab980000,0x00000006ab980000)
  from space 2048K, 30% used [0x00000006abb00000,0x00000006abb9e920,0x00000006abd00000)
  to   space 1024K, 0% used [0x00000006abe00000,0x00000006abe00000,0x00000006abf00000)
 ParOldGen       total 91136K, used 90670K [0x0000000400000000, 0x0000000405900000, 0x00000006aab00000)
  object space 91136K, 99% used [0x0000000400000000,0x000000040588b8d8,0x0000000405900000)
 Metaspace       used 67190K, committed 68608K, reserved 1114112K
  class space    used 7055K, committed 7680K, reserved 1048576K
}
Event: 93.259 GC heap after
{Heap after GC invocations=91 (full 3):
 PSYoungGen      total 15872K, used 954K [0x00000006aab00000, 0x00000006abf00000, 0x0000000800000000)
  eden space 14848K, 0% used [0x00000006aab00000,0x00000006aab00000,0x00000006ab980000)
  from space 1024K, 93% used [0x00000006abe00000,0x00000006abeee900,0x00000006abf00000)
  to   space 1024K, 0% used [0x00000006abd00000,0x00000006abd00000,0x00000006abe00000)
 ParOldGen       total 91136K, used 91126K [0x0000000400000000, 0x0000000405900000, 0x00000006aab00000)
  object space 91136K, 99% used [0x0000000400000000,0x00000004058fdb78,0x0000000405900000)
 Metaspace       used 67190K, committed 68608K, reserved 1114112K
  class space    used 7055K, committed 7680K, reserved 1048576K
}

Dll operation events (20 events):
Event: 0.330 Attempting to load shared library c:\Users\Lenovo\.vscode\extensions\redhat.java-1.56.0-win32-x64\jre\21.0.12.1-win32-x86_64\bin\java.dll
Event: 0.330 Loaded shared library c:\Users\Lenovo\.vscode\extensions\redhat.java-1.56.0-win32-x64\jre\21.0.12.1-win32-x86_64\bin\java.dll
Event: 1.617 Attempting to load shared library c:\Users\Lenovo\.vscode\extensions\redhat.java-1.56.0-win32-x64\jre\21.0.12.1-win32-x86_64\bin\zip.dll
Event: 1.620 Loaded shared library c:\Users\Lenovo\.vscode\extensions\redhat.java-1.56.0-win32-x64\jre\21.0.12.1-win32-x86_64\bin\zip.dll
Event: 1.913 Attempting to load shared library C:\Users\Lenovo\.vscode\extensions\redhat.java-1.56.0-win32-x64\jre\21.0.12.1-win32-x86_64\bin\instrument.dll
Event: 1.913 Loaded shared library C:\Users\Lenovo\.vscode\extensions\redhat.java-1.56.0-win32-x64\jre\21.0.12.1-win32-x86_64\bin\instrument.dll
Event: 1.982 Attempting to load shared library C:\Users\Lenovo\.vscode\extensions\redhat.java-1.56.0-win32-x64\jre\21.0.12.1-win32-x86_64\bin\net.dll
Event: 2.000 Loaded shared library C:\Users\Lenovo\.vscode\extensions\redhat.java-1.56.0-win32-x64\jre\21.0.12.1-win32-x86_64\bin\net.dll
Event: 2.018 Attempting to load shared library C:\Users\Lenovo\.vscode\extensions\redhat.java-1.56.0-win32-x64\jre\21.0.12.1-win32-x86_64\bin\nio.dll
Event: 2.032 Loaded shared library C:\Users\Lenovo\.vscode\extensions\redhat.java-1.56.0-win32-x64\jre\21.0.12.1-win32-x86_64\bin\nio.dll
Event: 2.040 Attempting to load shared library C:\Users\Lenovo\.vscode\extensions\redhat.java-1.56.0-win32-x64\jre\21.0.12.1-win32-x86_64\bin\zip.dll
Event: 2.040 Loaded shared library C:\Users\Lenovo\.vscode\extensions\redhat.java-1.56.0-win32-x64\jre\21.0.12.1-win32-x86_64\bin\zip.dll
Event: 2.133 Attempting to load shared library C:\Users\Lenovo\.vscode\extensions\redhat.java-1.56.0-win32-x64\jre\21.0.12.1-win32-x86_64\bin\jimage.dll
Event: 2.133 Loaded shared library C:\Users\Lenovo\.vscode\extensions\redhat.java-1.56.0-win32-x64\jre\21.0.12.1-win32-x86_64\bin\jimage.dll
Event: 2.916 Attempting to load shared library c:\Users\Lenovo\.vscode\extensions\redhat.java-1.56.0-win32-x64\jre\21.0.12.1-win32-x86_64\bin\verify.dll
Event: 2.920 Loaded shared library c:\Users\Lenovo\.vscode\extensions\redhat.java-1.56.0-win32-x64\jre\21.0.12.1-win32-x86_64\bin\verify.dll
Event: 8.716 Attempting to load shared library C:\Users\Lenovo\AppData\Roaming\Code\User\globalStorage\redhat.java\1.56.0\config_win\org.eclipse.equinox.launcher\org.eclipse.equinox.launcher.win32.win32.x86_64_1.3.100.v20260804-1928\eclipse_11924.dll
Event: 8.727 Loaded shared library C:\Users\Lenovo\AppData\Roaming\Code\User\globalStorage\redhat.java\1.56.0\config_win\org.eclipse.equinox.launcher\org.eclipse.equinox.launcher.win32.win32.x86_64_1.3.100.v20260804-1928\eclipse_11924.dll
Event: 15.928 Attempting to load shared library C:\Users\Lenovo\AppData\Local\Temp\jna--2022488749\jna11194205257457205326.dll
Event: 16.569 Loaded shared library C:\Users\Lenovo\AppData\Local\Temp\jna--2022488749\jna11194205257457205326.dll

Deoptimization events (20 events):
Event: 93.279 Thread 0x0000026aa3050590 Uncommon trap: trap_request=0xffffffbe fr.pc=0x0000026a2d90956c relative=0x0000000000000d4c
Event: 93.279 Thread 0x0000026aa3050590 Uncommon trap: reason=profile_predicate action=maybe_recompile pc=0x0000026a2d90956c method=java.util.regex.Pattern$BnM.optimize(Ljava/util/regex/Pattern$Node;)Ljava/util/regex/Pattern$Node; @ 67 c2
Event: 93.279 Thread 0x0000026aa3050590 DEOPT PACKING pc=0x0000026a2d90956c sp=0x000000c70bdfe810
Event: 93.279 Thread 0x0000026aa3050590 DEOPT UNPACKING pc=0x0000026a2cca3aa2 sp=0x000000c70bdfe740 mode 2
Event: 93.280 Thread 0x0000026aa3050590 Uncommon trap: trap_request=0xffffffbe fr.pc=0x0000026a2d90956c relative=0x0000000000000d4c
Event: 93.280 Thread 0x0000026aa3050590 Uncommon trap: reason=profile_predicate action=maybe_recompile pc=0x0000026a2d90956c method=java.util.regex.Pattern$BnM.optimize(Ljava/util/regex/Pattern$Node;)Ljava/util/regex/Pattern$Node; @ 67 c2
Event: 93.280 Thread 0x0000026aa3050590 DEOPT PACKING pc=0x0000026a2d90956c sp=0x000000c70bdfe7b0
Event: 93.280 Thread 0x0000026aa3050590 DEOPT UNPACKING pc=0x0000026a2cca3aa2 sp=0x000000c70bdfe6e0 mode 2
Event: 93.422 Thread 0x0000026aa01d14e0 Uncommon trap: trap_request=0xffffff45 fr.pc=0x0000026a2d472034 relative=0x00000000000003b4
Event: 93.422 Thread 0x0000026aa01d14e0 Uncommon trap: reason=unstable_if action=reinterpret pc=0x0000026a2d472034 method=java.lang.ThreadLocal$ThreadLocalMap.set(Ljava/lang/ThreadLocal;Ljava/lang/Object;)V @ 116 c2
Event: 93.422 Thread 0x0000026aa01d14e0 DEOPT PACKING pc=0x0000026a2d472034 sp=0x000000c70b2fea20
Event: 93.422 Thread 0x0000026aa01d14e0 DEOPT UNPACKING pc=0x0000026a2cca3aa2 sp=0x000000c70b2fe8d8 mode 2
Event: 93.855 Thread 0x0000026aa3050c20 Uncommon trap: trap_request=0x000002c6 fr.pc=0x0000026a2d39d918 relative=0x000000000000a998
Event: 93.855 Thread 0x0000026aa3050c20 Uncommon trap: reason=unloaded action=reinterpret pc=0x0000026a2d39d918 method=org.eclipse.osgi.internal.loader.classpath.ClasspathManager.findClassImpl(Ljava/lang/String;Lorg/eclipse/osgi/internal/loader/classpath/ClasspathEntry;Ljava/util/List;)Ljava/la
Event: 93.855 Thread 0x0000026aa3050c20 DEOPT PACKING pc=0x0000026a2d39d918 sp=0x000000c70bcfd200
Event: 93.855 Thread 0x0000026aa3050c20 DEOPT UNPACKING pc=0x0000026a2cca3aa2 sp=0x000000c70bcfd240 mode 2
Event: 93.865 Thread 0x0000026aa3050c20 Uncommon trap: trap_request=0xffffffad fr.pc=0x0000026a2d6ec84c relative=0x0000000000000f8c
Event: 93.865 Thread 0x0000026aa3050c20 Uncommon trap: reason=uninitialized action=reinterpret pc=0x0000026a2d6ec84c method=org.eclipse.osgi.internal.hooks.EclipseLazyStarter.postFindLocalClass(Ljava/lang/String;Ljava/lang/Class;Lorg/eclipse/osgi/internal/loader/classpath/ClasspathManager;)V @ 
Event: 93.865 Thread 0x0000026aa3050c20 DEOPT PACKING pc=0x0000026a2d6ec84c sp=0x000000c70bcfe840
Event: 93.865 Thread 0x0000026aa3050c20 DEOPT UNPACKING pc=0x0000026a2cca3aa2 sp=0x000000c70bcfe7d8 mode 2

Classes loaded (20 events):
Event: 64.020 Loading class java/util/stream/ReduceOps$5
Event: 64.025 Loading class java/util/stream/ReduceOps$5 done
Event: 64.026 Loading class java/util/stream/ReduceOps$CountingSink$OfRef
Event: 64.026 Loading class java/util/stream/ReduceOps$CountingSink
Event: 64.026 Loading class java/util/stream/ReduceOps$CountingSink done
Event: 64.026 Loading class java/util/stream/ReduceOps$CountingSink$OfRef done
Event: 65.209 Loading class jdk/internal/module/IllegalAccessLogger
Event: 65.209 Loading class jdk/internal/module/IllegalAccessLogger done
Event: 65.727 Loading class java/util/concurrent/ArrayBlockingQueue
Event: 65.733 Loading class java/util/concurrent/ArrayBlockingQueue done
Event: 66.201 Loading class java/util/concurrent/ConcurrentHashMap$KeySpliterator
Event: 66.202 Loading class java/util/concurrent/ConcurrentHashMap$KeySpliterator done
Event: 66.352 Loading class sun/nio/ch/ChannelOutputStream
Event: 66.356 Loading class sun/nio/ch/ChannelOutputStream done
Event: 75.085 Loading class jdk/internal/module/IllegalAccessLogger
Event: 75.085 Loading class jdk/internal/module/IllegalAccessLogger done
Event: 90.022 Loading class sun/nio/cs/ISO_8859_1$Decoder
Event: 90.023 Loading class sun/nio/cs/ISO_8859_1$Decoder done
Event: 93.852 Loading class java/util/zip/DataFormatException
Event: 93.855 Loading class java/util/zip/DataFormatException done

Classes unloaded (7 events):
Event: 17.700 Thread 0x0000026a225c4ec0 Unloading class 0x0000026a5b1abc00 'java/lang/invoke/LambdaForm$MH+0x0000026a5b1abc00'
Event: 17.700 Thread 0x0000026a225c4ec0 Unloading class 0x0000026a5b1ab800 'java/lang/invoke/LambdaForm$MH+0x0000026a5b1ab800'
Event: 17.700 Thread 0x0000026a225c4ec0 Unloading class 0x0000026a5b1ab400 'java/lang/invoke/LambdaForm$MH+0x0000026a5b1ab400'
Event: 17.700 Thread 0x0000026a225c4ec0 Unloading class 0x0000026a5b1ab000 'java/lang/invoke/LambdaForm$MH+0x0000026a5b1ab000'
Event: 17.700 Thread 0x0000026a225c4ec0 Unloading class 0x0000026a5b1aac00 'java/lang/invoke/LambdaForm$BMH+0x0000026a5b1aac00'
Event: 17.700 Thread 0x0000026a225c4ec0 Unloading class 0x0000026a5b1aa800 'java/lang/invoke/LambdaForm$DMH+0x0000026a5b1aa800'
Event: 17.700 Thread 0x0000026a225c4ec0 Unloading class 0x0000026a5b1a9400 'java/lang/invoke/LambdaForm$DMH+0x0000026a5b1a9400'

Classes redefined (0 events):
No events

Internal exceptions (20 events):
Event: 71.750 Thread 0x0000026aa01d14e0 Exception <a 'sun/nio/fs/WindowsException'{0x00000006ab730fb8}> (0x00000006ab730fb8) 
thrown [s\src\hotspot\share\prims\jni.cpp, line 520]
Event: 71.928 Thread 0x0000026aa3054730 Exception <a 'sun/nio/fs/WindowsException'{0x00000006ab833980}> (0x00000006ab833980) 
thrown [s\src\hotspot\share\prims\jni.cpp, line 520]
Event: 71.933 Thread 0x0000026aa3055ae0 Exception <a 'sun/nio/fs/WindowsException'{0x00000006ab838420}> (0x00000006ab838420) 
thrown [s\src\hotspot\share\prims\jni.cpp, line 520]
Event: 75.161 Thread 0x0000026aa01d14e0 Exception <a 'sun/nio/fs/WindowsException'{0x00000006ab710b18}> (0x00000006ab710b18) 
thrown [s\src\hotspot\share\prims\jni.cpp, line 520]
Event: 75.162 Thread 0x0000026aa01d14e0 Exception <a 'sun/nio/fs/WindowsException'{0x00000006ab711050}> (0x00000006ab711050) 
thrown [s\src\hotspot\share\prims\jni.cpp, line 520]
Event: 77.900 Thread 0x0000026aa01d14e0 Exception <a 'java/lang/NoSuchMethodError'{0x00000006ab0a4d48}: 'void java.lang.invoke.DirectMethodHandle$Holder.invokeStatic(java.lang.Object, java.lang.Object, java.lang.Object, int)'> (0x00000006ab0a4d48) 
thrown [s\src\hotspot\share\interpreter\linkResolver.cpp, line 773]
Event: 78.152 Thread 0x0000026aa01d14e0 Exception <a 'java/lang/NoSuchMethodError'{0x00000006ab0f59f8}: 'void java.lang.invoke.DirectMethodHandle$Holder.invokeVirtual(java.lang.Object, java.lang.Object, int)'> (0x00000006ab0f59f8) 
thrown [s\src\hotspot\share\interpreter\linkResolver.cpp, line 773]
Event: 87.113 Thread 0x0000026aa01d14e0 Exception <a 'java/lang/NoSuchMethodError'{0x00000006ab827080}: 'void java.lang.invoke.DirectMethodHandle$Holder.invokeInterface(java.lang.Object, java.lang.Object)'> (0x00000006ab827080) 
thrown [s\src\hotspot\share\interpreter\linkResolver.cpp, line 773]
Event: 89.874 Thread 0x0000026aa2aeeaa0 Implicit null exception at 0x0000026a2d8fb7f4 to 0x0000026a2d8fe314
Event: 89.875 Thread 0x0000026aa2aeeaa0 Implicit null exception at 0x0000026a2d902ddc to 0x0000026a2d90349c
Event: 90.341 Thread 0x0000026aa01d14e0 Implicit null exception at 0x0000026a2d91dfc1 to 0x0000026a2d91e178
Event: 90.341 Thread 0x0000026aa01d14e0 Implicit null exception at 0x0000026a2d814baa to 0x0000026a2d814d00
Event: 91.619 Thread 0x0000026aa01d14e0 Exception <a 'java/lang/NoSuchMethodError'{0x00000006ab51f198}: 'java.lang.Object java.lang.invoke.DirectMethodHandle$Holder.newInvokeSpecial(java.lang.Object, java.lang.Object, int, java.lang.Object, java.lang.Object)'> (0x00000006ab51f198) 
thrown [s\src\hotspot\share\interpreter\linkResolver.cpp, line 773]
Event: 91.641 Thread 0x0000026aa01d14e0 Exception <a 'java/lang/NoSuchMethodError'{0x00000006ab57a088}: 'java.lang.Object java.lang.invoke.DirectMethodHandle$Holder.invokeSpecial(java.lang.Object, java.lang.Object, java.lang.Object, int, java.lang.Object, java.lang.Object, java.lang.Object)'> (0x00000006ab57a088) 
thrown [s\src\hotspot\share\interpreter\linkResolver.cpp, line 773]
Event: 92.266 Thread 0x0000026aa01d14e0 Exception <a 'java/lang/NoSuchMethodError'{0x00000006aad36c28}: 'void java.lang.invoke.DirectMethodHandle$Holder.invokeStatic(java.lang.Object, int)'> (0x00000006aad36c28) 
thrown [s\src\hotspot\share\interpreter\linkResolver.cpp, line 773]
Event: 92.712 Thread 0x0000026aa01d14e0 Exception <a 'java/io/FileNotFoundException'{0x00000006ab3febd0}> (0x00000006ab3febd0) 
thrown [s\src\hotspot\share\prims\jni.cpp, line 520]
Event: 92.713 Thread 0x0000026aa01d14e0 Exception <a 'java/io/FileNotFoundException'{0x00000006ab3ffe78}> (0x00000006ab3ffe78) 
thrown [s\src\hotspot\share\prims\jni.cpp, line 520]
Event: 92.714 Thread 0x0000026aa01d14e0 Exception <a 'java/io/FileNotFoundException'{0x00000006ab400e70}> (0x00000006ab400e70) 
thrown [s\src\hotspot\share\prims\jni.cpp, line 520]
Event: 93.200 Thread 0x0000026aa01d14e0 Exception <a 'java/lang/OutOfMemoryError'{0x00000006ab7cc548}: unable to create native thread: possibly out of memory or process/resource limits reached> (0x00000006ab7cc548) 
thrown [s\src\hotspot\share\prims\jvm.cpp, line 3026]
Event: 93.851 Thread 0x0000026aa3050c20 Exception <a 'java/io/IOException'{0x00000006aad98530}> (0x00000006aad98530) 
thrown [s\src\hotspot\share\prims\jni.cpp, line 520]

ZGC Phase Switch (0 events):
No events

VM Operations (20 events):
Event: 87.272 Executing safepoint VM operation: ParallelGCFailedAllocation (Allocation Failure)
Event: 87.306 Executing safepoint VM operation: ParallelGCFailedAllocation (Allocation Failure) done
Event: 88.179 Executing safepoint VM operation: ParallelGCFailedAllocation (Allocation Failure)
Event: 88.188 Executing safepoint VM operation: ParallelGCFailedAllocation (Allocation Failure) done
Event: 89.202 Executing safepoint VM operation: Cleanup
Event: 89.216 Executing safepoint VM operation: Cleanup done
Event: 89.296 Executing safepoint VM operation: ParallelGCFailedAllocation (Allocation Failure)
Event: 89.405 Executing safepoint VM operation: ParallelGCFailedAllocation (Allocation Failure) done
Event: 89.736 Executing safepoint VM operation: ParallelGCFailedAllocation (Allocation Failure)
Event: 89.746 Executing safepoint VM operation: ParallelGCFailedAllocation (Allocation Failure) done
Event: 90.025 Executing safepoint VM operation: ParallelGCFailedAllocation (Allocation Failure)
Event: 90.030 Executing safepoint VM operation: ParallelGCFailedAllocation (Allocation Failure) done
Event: 90.239 Executing safepoint VM operation: ParallelGCFailedAllocation (Allocation Failure)
Event: 90.242 Executing safepoint VM operation: ParallelGCFailedAllocation (Allocation Failure) done
Event: 91.626 Executing safepoint VM operation: ICBufferFull
Event: 91.627 Executing safepoint VM operation: ICBufferFull done
Event: 92.191 Executing safepoint VM operation: ParallelGCFailedAllocation (Allocation Failure)
Event: 92.196 Executing safepoint VM operation: ParallelGCFailedAllocation (Allocation Failure) done
Event: 93.249 Executing safepoint VM operation: ParallelGCFailedAllocation (Allocation Failure)
Event: 93.260 Executing safepoint VM operation: ParallelGCFailedAllocation (Allocation Failure) done

Memory protections (0 events):
No events

Nmethod flushes (20 events):
Event: 36.046 Thread 0x0000026a225c4ec0 flushing  nmethod 0x0000026a25fd3a10
Event: 36.046 Thread 0x0000026a225c4ec0 flushing  nmethod 0x0000026a25fd4010
Event: 36.046 Thread 0x0000026a225c4ec0 flushing  nmethod 0x0000026a25fdda90
Event: 36.046 Thread 0x0000026a225c4ec0 flushing  nmethod 0x0000026a25fdde10
Event: 36.046 Thread 0x0000026a225c4ec0 flushing  nmethod 0x0000026a25fe2a10
Event: 36.046 Thread 0x0000026a225c4ec0 flushing  nmethod 0x0000026a2601d690
Event: 36.046 Thread 0x0000026a225c4ec0 flushing  nmethod 0x0000026a2601db10
Event: 36.046 Thread 0x0000026a225c4ec0 flushing  nmethod 0x0000026a2601e090
Event: 36.046 Thread 0x0000026a225c4ec0 flushing  nmethod 0x0000026a2601f490
Event: 36.046 Thread 0x0000026a225c4ec0 flushing  nmethod 0x0000026a2601f810
Event: 36.046 Thread 0x0000026a225c4ec0 flushing  nmethod 0x0000026a2601fd10
Event: 36.046 Thread 0x0000026a225c4ec0 flushing  nmethod 0x0000026a26029b90
Event: 36.046 Thread 0x0000026a225c4ec0 flushing  nmethod 0x0000026a2602a390
Event: 36.046 Thread 0x0000026a225c4ec0 flushing  nmethod 0x0000026a2602a710
Event: 36.046 Thread 0x0000026a225c4ec0 flushing  nmethod 0x0000026a26036a90
Event: 36.046 Thread 0x0000026a225c4ec0 flushing  nmethod 0x0000026a26037290
Event: 36.046 Thread 0x0000026a225c4ec0 flushing  nmethod 0x0000026a26037910
Event: 36.046 Thread 0x0000026a225c4ec0 flushing  nmethod 0x0000026a26040310
Event: 36.046 Thread 0x0000026a225c4ec0 flushing  nmethod 0x0000026a26041010
Event: 36.046 Thread 0x0000026a225c4ec0 flushing osr nmethod 0x0000026a2604b010

Events (20 events):
Event: 53.315 Thread 0x0000026aa3055ae0 Thread added: 0x0000026aa3056e90
Event: 53.370 Thread 0x0000026aa3056e90 Thread added: 0x0000026aa3055450
Event: 53.370 Thread 0x0000026aa3055ae0 Thread added: 0x0000026aa3054730
Event: 55.268 Thread 0x0000026aa01d14e0 Thread added: 0x0000026aa30540a0
Event: 55.270 Thread 0x0000026aa01d14e0 Thread added: 0x0000026aa3056170
Event: 57.437 Thread 0x0000026aa01ced80 Thread added: 0x0000026aa3054dc0
Event: 57.437 Thread 0x0000026aa3052cf0 Thread added: 0x0000026aa3056800
Event: 65.735 Thread 0x0000026aa01d14e0 Thread added: 0x0000026aa3057520
Event: 66.258 Thread 0x0000026aa01d14e0 Thread added: 0x0000026aa2aed060
Event: 67.074 Thread 0x0000026aa01d14e0 Thread added: 0x0000026aa2aed6f0
Event: 87.147 Thread 0x0000026aa01d14e0 Thread added: 0x0000026aa2aee410
Event: 87.147 Thread 0x0000026aa01d14e0 Thread added: 0x0000026aa2aef130
Event: 87.147 Thread 0x0000026aa01d14e0 Thread added: 0x0000026aa2aeeaa0
Event: 87.147 Thread 0x0000026aa01d14e0 Thread added: 0x0000026aa2aef7c0
Event: 87.148 Thread 0x0000026aa01d14e0 Thread added: 0x0000026aa2aefe50
Event: 90.318 Thread 0x0000026aa2aef7c0 Thread exited: 0x0000026aa2aef7c0
Event: 90.318 Thread 0x0000026aa2aef130 Thread exited: 0x0000026aa2aef130
Event: 90.318 Thread 0x0000026aa2aefe50 Thread exited: 0x0000026aa2aefe50
Event: 90.318 Thread 0x0000026aa2aee410 Thread exited: 0x0000026aa2aee410
Event: 90.318 Thread 0x0000026aa2aeeaa0 Thread exited: 0x0000026aa2aeeaa0


Dynamic libraries:
0x00007ff6f1af0000 - 0x00007ff6f1afe000 	c:\Users\Lenovo\.vscode\extensions\redhat.java-1.56.0-win32-x64\jre\21.0.12.1-win32-x86_64\bin\java.exe
0x00007fff465c0000 - 0x00007fff46827000 	C:\WINDOWS\SYSTEM32\ntdll.dll
0x00007fff45240000 - 0x00007fff4530b000 	C:\WINDOWS\System32\KERNEL32.DLL
0x00007fff43bf0000 - 0x00007fff43ff2000 	C:\WINDOWS\System32\KERNELBASE.dll
0x00007fff3fe20000 - 0x00007fff3febf000 	C:\WINDOWS\SYSTEM32\apphelp.dll
0x00007fff439e0000 - 0x00007fff43b2c000 	C:\WINDOWS\System32\ucrtbase.dll
0x00007fff36d20000 - 0x00007fff36d38000 	c:\Users\Lenovo\.vscode\extensions\redhat.java-1.56.0-win32-x64\jre\21.0.12.1-win32-x86_64\bin\jli.dll
0x00007fff45bc0000 - 0x00007fff45d8f000 	C:\WINDOWS\System32\USER32.dll
0x00007fff43880000 - 0x00007fff438a7000 	C:\WINDOWS\System32\win32u.dll
0x00007fff46510000 - 0x00007fff4653b000 	C:\WINDOWS\System32\GDI32.dll
0x00007fff438b0000 - 0x00007fff439d9000 	C:\WINDOWS\System32\gdi32full.dll
0x00007fff43b40000 - 0x00007fff43be3000 	C:\WINDOWS\System32\msvcp_win.dll
0x00007fff342b0000 - 0x00007fff342ce000 	c:\Users\Lenovo\.vscode\extensions\redhat.java-1.56.0-win32-x64\jre\21.0.12.1-win32-x86_64\bin\VCRUNTIME140.dll
0x00007fff33330000 - 0x00007fff335c0000 	C:\WINDOWS\WinSxS\amd64_microsoft.windows.common-controls_6595b64144ccf1df_6.0.26100.9278_none_3e0d1ba8e3303201\COMCTL32.dll
0x00007fff45f00000 - 0x00007fff45fa9000 	C:\WINDOWS\System32\msvcrt.dll
0x00007fff46540000 - 0x00007fff46571000 	C:\WINDOWS\System32\IMM32.DLL
0x00007fff32960000 - 0x00007fff3296c000 	c:\Users\Lenovo\.vscode\extensions\redhat.java-1.56.0-win32-x64\jre\21.0.12.1-win32-x86_64\bin\vcruntime140_1.dll
0x00007ffefb4a0000 - 0x00007ffefb52d000 	c:\Users\Lenovo\.vscode\extensions\redhat.java-1.56.0-win32-x64\jre\21.0.12.1-win32-x86_64\bin\msvcp140.dll
0x00007ffee2020000 - 0x00007ffee2dc2000 	c:\Users\Lenovo\.vscode\extensions\redhat.java-1.56.0-win32-x64\jre\21.0.12.1-win32-x86_64\bin\server\jvm.dll
0x00007fff45fb0000 - 0x00007fff4606c000 	C:\WINDOWS\System32\ADVAPI32.dll
0x00007fff44db0000 - 0x00007fff44e59000 	C:\WINDOWS\System32\sechost.dll
0x00007fff462f0000 - 0x00007fff46408000 	C:\WINDOWS\System32\RPCRT4.dll
0x00007fff460f0000 - 0x00007fff46170000 	C:\WINDOWS\System32\WS2_32.dll
0x00007fff43640000 - 0x00007fff4369e000 	C:\WINDOWS\SYSTEM32\POWRPROF.dll
0x00007fff3bfb0000 - 0x00007fff3bfe6000 	C:\WINDOWS\SYSTEM32\WINMM.dll
0x00007fff3bff0000 - 0x00007fff3bffb000 	C:\WINDOWS\SYSTEM32\VERSION.dll
0x00007fff43620000 - 0x00007fff43635000 	C:\WINDOWS\SYSTEM32\UMPDC.dll
0x00007fff42490000 - 0x00007fff424ab000 	C:\WINDOWS\SYSTEM32\kernel.appcore.dll
0x00007fff327d0000 - 0x00007fff327da000 	c:\Users\Lenovo\.vscode\extensions\redhat.java-1.56.0-win32-x64\jre\21.0.12.1-win32-x86_64\bin\jimage.dll
0x00007fff40ca0000 - 0x00007fff40eec000 	C:\WINDOWS\SYSTEM32\DBGHELP.DLL
0x00007fff44eb0000 - 0x00007fff45235000 	C:\WINDOWS\System32\combase.dll
0x00007fff44840000 - 0x00007fff44919000 	C:\WINDOWS\System32\OLEAUT32.dll
0x00007fff29660000 - 0x00007fff2969b000 	C:\WINDOWS\SYSTEM32\dbgcore.DLL
0x00007fff44000000 - 0x00007fff440ac000 	C:\WINDOWS\System32\bcryptPrimitives.dll
0x00007fff318a0000 - 0x00007fff318af000 	c:\Users\Lenovo\.vscode\extensions\redhat.java-1.56.0-win32-x64\jre\21.0.12.1-win32-x86_64\bin\instrument.dll
0x00007fff305f0000 - 0x00007fff30610000 	c:\Users\Lenovo\.vscode\extensions\redhat.java-1.56.0-win32-x64\jre\21.0.12.1-win32-x86_64\bin\java.dll
0x00007fff45380000 - 0x00007fff45b18000 	C:\WINDOWS\System32\SHELL32.dll
0x00007fff41210000 - 0x00007fff41abe000 	C:\WINDOWS\SYSTEM32\windows.storage.dll
0x00007fff44590000 - 0x00007fff4468b000 	C:\WINDOWS\System32\SHCORE.dll
0x00007fff45310000 - 0x00007fff45376000 	C:\WINDOWS\System32\shlwapi.dll
0x00007fff436e0000 - 0x00007fff43709000 	C:\WINDOWS\SYSTEM32\profapi.dll
0x00007fff2dd20000 - 0x00007fff2dd38000 	c:\Users\Lenovo\.vscode\extensions\redhat.java-1.56.0-win32-x64\jre\21.0.12.1-win32-x86_64\bin\zip.dll
0x00007fff30bb0000 - 0x00007fff30bc0000 	C:\Users\Lenovo\.vscode\extensions\redhat.java-1.56.0-win32-x64\jre\21.0.12.1-win32-x86_64\bin\net.dll
0x00007fff386e0000 - 0x00007fff3880a000 	C:\WINDOWS\SYSTEM32\WINHTTP.dll
0x00007fff42a50000 - 0x00007fff42abc000 	C:\WINDOWS\system32\mswsock.dll
0x00007fff193f0000 - 0x00007fff19406000 	C:\Users\Lenovo\.vscode\extensions\redhat.java-1.56.0-win32-x64\jre\21.0.12.1-win32-x86_64\bin\nio.dll
0x00007fff305e0000 - 0x00007fff305f0000 	c:\Users\Lenovo\.vscode\extensions\redhat.java-1.56.0-win32-x64\jre\21.0.12.1-win32-x86_64\bin\verify.dll
0x00007ffefda30000 - 0x00007ffefda75000 	C:\Users\Lenovo\AppData\Roaming\Code\User\globalStorage\redhat.java\1.56.0\config_win\org.eclipse.equinox.launcher\org.eclipse.equinox.launcher.win32.win32.x86_64_1.3.100.v20260804-1928\eclipse_11924.dll
0x00007fff44690000 - 0x00007fff4482a000 	C:\WINDOWS\System32\ole32.dll
0x00007fff42d40000 - 0x00007fff42d5b000 	C:\WINDOWS\SYSTEM32\CRYPTSP.dll
0x00007fff423f0000 - 0x00007fff42429000 	C:\WINDOWS\system32\rsaenh.dll
0x00007fff42b00000 - 0x00007fff42b34000 	C:\WINDOWS\SYSTEM32\USERENV.dll
0x00007fff436b0000 - 0x00007fff436da000 	C:\WINDOWS\SYSTEM32\bcrypt.dll
0x00007fff42d60000 - 0x00007fff42d6c000 	C:\WINDOWS\SYSTEM32\CRYPTBASE.dll
0x00007fff41ec0000 - 0x00007fff41ef3000 	C:\WINDOWS\SYSTEM32\IPHLPAPI.DLL
0x00007fff460e0000 - 0x00007fff460ea000 	C:\WINDOWS\System32\NSI.dll
0x00007ffefedd0000 - 0x00007ffefee19000 	C:\Users\Lenovo\AppData\Local\Temp\jna--2022488749\jna11194205257457205326.dll
0x00007fff443a0000 - 0x00007fff443a8000 	C:\WINDOWS\System32\PSAPI.DLL
0x00007fff38ae0000 - 0x00007fff38afd000 	C:\WINDOWS\SYSTEM32\dhcpcsvc6.DLL
0x00007fff38040000 - 0x00007fff38065000 	C:\WINDOWS\SYSTEM32\dhcpcsvc.DLL

JVMTI agents:
c:\Users\Lenovo\.vscode\extensions\redhat.java-1.56.0-win32-x64\lombok\lombok-1.18.39-4050.jar path:c:\Users\Lenovo\.vscode\extensions\redhat.java-1.56.0-win32-x64\jre\21.0.12.1-win32-x86_64\bin\instrument.dll, loaded, initialized, instrumentlib options:none

dbghelp: loaded successfully - version: 4.0.5 - missing functions: none
symbol engine: initialized successfully - sym options: 0x614 - pdb path: .;c:\Users\Lenovo\.vscode\extensions\redhat.java-1.56.0-win32-x64\jre\21.0.12.1-win32-x86_64\bin;C:\WINDOWS\SYSTEM32;C:\WINDOWS\WinSxS\amd64_microsoft.windows.common-controls_6595b64144ccf1df_6.0.26100.9278_none_3e0d1ba8e3303201;c:\Users\Lenovo\.vscode\extensions\redhat.java-1.56.0-win32-x64\jre\21.0.12.1-win32-x86_64\bin\server;C:\Users\Lenovo\AppData\Roaming\Code\User\globalStorage\redhat.java\1.56.0\config_win\org.eclipse.equinox.launcher\org.eclipse.equinox.launcher.win32.win32.x86_64_1.3.100.v20260804-1928;C:\Users\Lenovo\AppData\Local\Temp\jna--2022488749

VM Arguments:
jvm_args: --add-modules=ALL-SYSTEM --add-opens=java.base/java.util=ALL-UNNAMED --add-opens=java.base/java.lang=ALL-UNNAMED --add-opens=java.base/sun.nio.fs=ALL-UNNAMED -Declipse.application=org.eclipse.jdt.ls.core.id1 -Dosgi.bundles.defaultStartLevel=4 -Declipse.product=org.eclipse.jdt.ls.core.product -Djava.import.generatesMetadataFilesAtProjectRoot=false -Dm2e.project.cache.size=50 -DDetectVMInstallationsJob.disabled=true -Dfile.encoding=utf8 -XX:+UseParallelGC -XX:GCTimeRatio=4 -XX:AdaptiveSizePolicyWeight=90 -Dsun.zip.disableMemoryMapping=true -Xmx16G -Xms100m -Xlog:disable -javaagent:c:\Users\Lenovo\.vscode\extensions\redhat.java-1.56.0-win32-x64\lombok\lombok-1.18.39-4050.jar -XX:+HeapDumpOnOutOfMemoryError -XX:HeapDumpPath=c:\Users\Lenovo\AppData\Roaming\Code\User\workspaceStorage\d90fe40e9506d67171d7dcf2fd0f8834\redhat.java -Daether.dependencyCollector.impl=bf 
java_command: c:\Users\Lenovo\.vscode\extensions\redhat.java-1.56.0-win32-x64\server\plugins\org.eclipse.equinox.launcher_1.8.0.v20260804-1928.jar -configuration c:\Users\Lenovo\AppData\Roaming\Code\User\globalStorage\redhat.java\1.56.0\config_win -data c:\Users\Lenovo\AppData\Roaming\Code\User\workspaceStorage\d90fe40e9506d67171d7dcf2fd0f8834\redhat.java\jdt_ws --stdio
java_class_path (initial): c:\Users\Lenovo\.vscode\extensions\redhat.java-1.56.0-win32-x64\server\plugins\org.eclipse.equinox.launcher_1.8.0.v20260804-1928.jar
Launcher Type: SUN_STANDARD

[Global flags]
    uintx AdaptiveSizePolicyWeight                 = 90                                        {product} {command line}
     intx CICompilerCount                          = 3                                         {product} {ergonomic}
    uintx GCTimeRatio                              = 4                                         {product} {command line}
     bool HeapDumpOnOutOfMemoryError               = true                                   {manageable} {command line}
    ccstr HeapDumpPath                             = c:\Users\Lenovo\AppData\Roaming\Code\User\workspaceStorage\d90fe40e9506d67171d7dcf2fd0f8834\redhat.java         {manageable} {command line}
   size_t InitialHeapSize                          = 104857600                                 {product} {command line}
   size_t MaxHeapSize                              = 17179869184                               {product} {command line}
   size_t MaxNewSize                               = 5726273536                                {product} {ergonomic}
   size_t MinHeapDeltaBytes                        = 524288                                    {product} {ergonomic}
   size_t MinHeapSize                              = 104857600                                 {product} {command line}
   size_t NewSize                                  = 34603008                                  {product} {ergonomic}
    uintx NonNMethodCodeHeapSize                   = 5832780                                {pd product} {ergonomic}
    uintx NonProfiledCodeHeapSize                  = 122912730                              {pd product} {ergonomic}
   size_t OldSize                                  = 70254592                                  {product} {ergonomic}
    uintx ProfiledCodeHeapSize                     = 122912730                              {pd product} {ergonomic}
    uintx ReservedCodeCacheSize                    = 251658240                              {pd product} {ergonomic}
     bool SegmentedCodeCache                       = true                                      {product} {ergonomic}
   size_t SoftMaxHeapSize                          = 17179869184                            {manageable} {ergonomic}
     bool UseCompressedOops                        = true                           {product lp64_product} {ergonomic}
     bool UseLargePagesIndividualAllocation        = false                                  {pd product} {ergonomic}
     bool UseParallelGC                            = true                                      {product} {command line}

Logging:
Log output configuration:
 #0: stdout all=off uptime,level,tags foldmultilines=false
 #1: stderr all=off uptime,level,tags foldmultilines=false

Release file:
JAVA_VERSION="21.0.12.1" 
MODULES="java.base java.compiler java.datatransfer java.xml java.prefs java.desktop java.instrument java.logging java.management java.security.sasl java.naming java.rmi java.management.rmi java.net.http java.scripting java.security.jgss java.transaction.xa java.sql java.sql.rowset java.xml.crypto java.se java.smartcardio jdk.accessibility jdk.internal.jvmstat jdk.attach jdk.charsets jdk.internal.opt jdk.zipfs jdk.compiler jdk.crypto.ec jdk.crypto.cryptoki jdk.crypto.mscapi jdk.dynalink jdk.internal.ed jdk.editpad jdk.hotspot.agent jdk.httpserver jdk.internal.le jdk.internal.vm.ci jdk.internal.vm.compiler jdk.internal.vm.compiler.management jdk.jartool jdk.javadoc jdk.jcmd jdk.management jdk.management.agent jdk.jconsole jdk.jdeps jdk.jdwp.agent jdk.jdi jdk.jfr jdk.jshell jdk.jsobject jdk.jstatd jdk.localedata jdk.management.jfr jdk.naming.dns jdk.naming.rmi jdk.net jdk.nio.mapmode jdk.random jdk.sctp jdk.security.auth jdk.security.jgss jdk.unsupported jdk.unsupported.desktop jdk.xml.dom" 

Environment Variables:
JAVA_HOME=C:\ABSA\JAVA
PATH=C:\ABSA\JAVA\bin;C:\Program Files (x86)\Common Files\Intel\Shared Libraries\redist\intel64\compiler;C:\WINDOWS\system32;C:\WINDOWS;C:\WINDOWS\System32\Wbem;C:\WINDOWS\System32\WindowsPowerShell\v1.0\;C:\WINDOWS\System32\OpenSSH\;C:\ABSA\Maven\apache-maven-3.9.12\bin;C:\ABSA\AWS CLI;C:\ABSA\Git\cmd;C:\Users\Lenovo\AppData\Local\Programs\Python\Python313\Scripts\;C:\Users\Lenovo\AppData\Local\Programs\Python\Python313\;C:\Users\Lenovo\AppData\Local\Microsoft\WindowsApps;C:\Users\Lenovo\AppData\Local\Programs\Microsoft VS Code\bin
USERNAME=Lenovo
OS=Windows_NT
PROCESSOR_IDENTIFIER=AMD64 Family 23 Model 24 Stepping 1, AuthenticAMD
TMP=C:\Users\Lenovo\AppData\Local\Temp
TEMP=C:\Users\Lenovo\AppData\Local\Temp




Periodic native trim disabled

---------------  S Y S T E M  ---------------

OS:
 Windows 11 , 64 bit Build 26100 (10.0.26100.9444)
OS uptime: 0 days 22:08 hours
Hyper-V role detected

CPU: total 4 (initial active 4) (4 cores per cpu, 2 threads per core) family 23 model 24 stepping 1 microcode 0x8108109, cx8, cmov, fxsr, ht, mmx, 3dnowpref, sse, sse2, sse3, ssse3, sse4a, sse4.1, sse4.2, popcnt, lzcnt, tsc, tscinvbit, avx, avx2, aes, clmul, bmi1, bmi2, adx, sha, fma, vzeroupper, clflush, clflushopt, hv, rdtscp, f16c
Processor Information for the first 4 processors :
  Max Mhz: 2600, Current Mhz: 2600, Mhz Limit: 2600

Memory: 4k page, system-wide physical 3522M (91M free)
TotalPageFile size 14274M (AvailPageFile size 221M)
current process WorkingSet (physical memory assigned to process): 206M, peak: 220M
current process commit charge ("private bytes"): 868M, peak: 871M

vm_info: OpenJDK 64-Bit Server VM (21.0.12.1+1-LTS) for windows-amd64 JRE (21.0.12.1+1-LTS), built on 2026-08-18T00:00:00Z by "admin" with MS VC++ 17.12 (VS2022)

END.
